carryingcap_is,carryingcap_main,crown_age,init_n_main_cls,init_n_main_sps,ana,clado_is,clado_main,ext_is,ext_main,mig_to_is,rng_seed,lambda_c,mu,K,gamma,lambda_a,loglik,df,conv,lambda_c,mu,K,gamma,lambda_a,loglik,df,conv
15,1100,15,1000,1000,0.87,0.2,1.1,0.09,0.1,0.002,1,0.349015,0.135943,4.02056,0.00129229,0.724476,-136.551,5,0,135.576,0.0706296,1.00041,0.00193133,0.21536,-169.971,5,0
15,1100,15,1000,1000,0.87,0.2,0.88,0.09,0.08,0.002,1,NA
15,1100,15,1000,1000,0.87,0.2,0.44,0.09,0.04,0.002,1,0.0219516,1.16181e-08,17.4912,0.00106788,0.199627,-149.542,5,0,0.0418468,3.19978e-08,3.37991e+06,0.00106647,0.162092,-166.516,5,0
15,1100,15,1000,1000,0.87,0.2,0.22,0.09,0.02,0.002,1,0.100767,4.6275e-05,4.0007,0.00120602,0.306186,-186.399,5,0,0.0319551,4.69541e-07,152120,0.0010672,0.165516,-156.991,5,0
15,1100,15,1000,1000,0.87,0.2,1.1,0.09,0.1,0.002,2,0.0317358,1.37586e-08,6.07364,0.00086786,8822.91,-118.754,5,0,0.0862236,1.35948e-08,20.5003,0.000667506,0.271825,-121.124,5,0
15,1100,15,1000,1000,0.87,0.2,0.88,0.09,0.08,0.002,2,948.566,0.0145089,1.00004,0.00140096,0.153482,-174.533,5,0,0.0476445,1.31554e-06,845206,0.000734111,0.11302,-119.613,5,0
15,1100,15,1000,1000,0.87,0.2,0.44,0.09,0.04,0.002,2,948.566,0.0145089,1.00004,0.00140096,0.153482,-174.533,5,0,0.0592184,4.76321e-07,59657,0.000664248,0.133657,-121.59,5,0
15,1100,15,1000,1000,0.87,0.2,0.22,0.09,0.02,0.002,2,0.0317085,1.46686e-06,61.4592,0.00113975,0.223286,-165.885,5,0,135.576,0.0706296,1.00041,0.00193133,0.21536,-169.971,5,0
15,1100,15,1000,1000,0.87,0.2,1.1,0.09,0.1,0.002,3,948.566,0.0145089,1.00004,0.00140096,0.153482,-174.533,5,0,0.0476445,1.31554e-06,845206,0.000734111,0.11302,-119.613,5,0
15,1100,15,1000,1000,0.87,0.2,0.88,0.09,0.08,0.002,3,NA
15,1100,15,1000,1000,0.87,0.2,0.44,0.09,0.04,0.002,3,0.0219516,1.16181e-08,17.4912,0.00106788,0.199627,-149.542,5,0,0.0660439,4.71456e-07,4.57673,0.000868643,0.204351,-133.349,5,0
15,1100,15,1000,1000,0.87,0.2,0.22,0.09,0.02,0.002,3,948.566,0.0145089,1.00004,0.00140096,0.153482,-174.533,5,0,0.0581704,7.69965e-09,1.34434e+06,0.000866631,0.208196,-142.551,5,0
15,1100,15,1000,1000,0.87,0.2,1.1,0.09,0.1,0.002,4,NA
15,1100,15,1000,1000,0.87,0.2,0.88,0.09,0.08,0.002,4,948.566,0.0145089,1.00004,0.00140096,0.153482,-174.533,5,0,0.0450195,5.43285e-08,inf,0.000800089,18.0674,-118.075,5,0
15,1100,15,1000,1000,0.87,0.2,0.44,0.09,0.04,0.002,4,0.0921739,0.0538284,2.99988,0.00172748,0.35569,-177.191,5,0,0.0617464,7.98572e-07,21.5492,0.000868905,0.533398,-137.853,5,0
15,1100,15,1000,1000,0.87,0.2,0.22,0.09,0.02,0.002,4,948.566,0.0145089,1.00004,0.00140096,0.153482,-174.533,5,0,0.0617464,7.98572e-07,21.5492,0.000868905,0.533398,-137.853,5,0
15,1100,15,1000,1000,0.87,0.2,1.1,0.09,0.1,0.002,5,0.0840059,0.0327478,4.47709,0.00112294,0.152902,-145.095,5,0,0.161047,0.0608328,3,0.00126444,36060.9,-138.034,5,0
15,1100,15,1000,1000,0.87,0.2,0.88,0.09,0.08,0.002,5,0.0921739,0.0538284,2.99988,0.00172748,0.35569,-177.191,5,0,0.0821607,3.40026e-08,4.00011,0.00100328,0.219798,-157.526,5,0
15,1100,15,1000,1000,0.87,0.2,0.44,0.09,0.04,0.002,5,948.566,0.0145089,1.00004,0.00140096,0.153482,-174.533,5,0,0.0581704,7.69965e-09,1.34434e+06,0.000866631,0.208196,-142.551,5,0
15,1100,15,1000,1000,0.87,0.2,0.22,0.09,0.02,0.002,5,0.02839,7.09136e-07,9821.64,0.00106392,0.118569,-160.322,5,0,0.057816,0.021863,16088.2,0.00113405,0.283036,-153.961,5,0
15,1100,15,1000,1000,0.87,0.2,1.1,0.09,0.1,0.002,6,NA
15,1100,15,1000,1000,0.87,0.2,0.88,0.09,0.08,0.002,6,NA
15,1100,15,1000,1000,0.87,0.2,0.44,0.09,0.04,0.002,6,0.0530673,9.35001e-11,6.38841,0.000866312,0.21426,-135.764,5,0,0.0632908,1.4188e-06,6.86776,0.000800059,0.152943,-126.85,5,0
15,1100,15,1000,1000,0.87,0.2,0.22,0.09,0.02,0.002,6,136.409,3.49368e-05,1.00022,0.00115402,0.172446,-160.616,5,0,0.0492099,3.27853e-06,inf,0.000935389,3.18542,-143.768,5,0
15,1100,15,1000,1000,0.87,0.2,1.1,0.09,0.1,0.002,7,NA
15,1100,15,1000,1000,0.87,0.2,0.88,0.09,0.08,0.002,7,0.0973437,0.0304029,3.00001,0.000951761,0.229968,-126.466,5,0,0.0517358,5.64081e-07,6873.09,0.000932644,0.28287,-145.768,5,0
15,1100,15,1000,1000,0.87,0.2,0.44,0.09,0.04,0.002,7,948.566,0.0145089,1.00004,0.00140096,0.153482,-174.533,5,0,0.0775344,2.02386e-08,2.99995,0.00100641,0.704769,-147.099,5,0
15,1100,15,1000,1000,0.87,0.2,0.22,0.09,0.02,0.002,7,948.566,0.0145089,1.00004,0.00140096,0.153482,-174.533,5,0,0.0775344,2.02386e-08,2.99995,0.00100641,0.704769,-147.099,5,0
15,1100,15,1000,1000,0.87,0.2,1.1,0.09,0.1,0.002,8,0.0497934,9.41441e-09,22.0866,0.000867074,0.47748,-131.906,5,0,0.0521278,1.33307e-07,9.53862e+06,0.00093261,0.227223,-145.801,5,0
15,1100,15,1000,1000,0.87,0.2,0.88,0.09,0.08,0.002,8,0.0497934,9.41441e-09,22.0866,0.000867074,0.47748,-131.906,5,0,0.0521278,1.33307e-07,9.53862e+06,0.00093261,0.227223,-145.801,5,0
15,1100,15,1000,1000,0.87,0.2,0.44,0.09,0.04,0.002,8,0.0530673,9.35001e-11,6.38841,0.000866312,0.21426,-135.764,5,0,0.0862236,1.35948e-08,20.5003,0.000667506,0.271825,-121.124,5,0
15,1100,15,1000,1000,0.87,0.2,0.22,0.09,0.02,0.002,8,0.0530673,9.35001e-11,6.38841,0.000866312,0.21426,-135.764,5,0,0.0862236,1.35948e-08,20.5003,0.000667506,0.271825,-121.124,5,0
15,1100,15,1000,1000,0.87,0.2,1.1,0.09,0.1,0.002,9,0.104222,4.24335e-05,3.00001,0.00113908,1123.45,-167.312,5,0,0.0874769,1.64645e-07,4.00584,0.000934102,0.128625,-150.107,5,0
15,1100,15,1000,1000,0.87,0.2,0.88,0.09,0.08,0.002,9,948.566,0.0145089,1.00004,0.00140096,0.153482,-174.533,5,0,0.0664405,1.30219e-07,109670,0.000534277,0.217882,-101.089,5,0
15,1100,15,1000,1000,0.87,0.2,0.44,0.09,0.04,0.002,9,948.566,0.0145089,1.00004,0.00140096,0.153482,-174.533,5,0,0.102919,1.65467e-07,8.35189,0.000666962,0.0808626,-116.896,5,0
15,1100,15,1000,1000,0.87,0.2,0.22,0.09,0.02,0.002,9,0.0317358,1.37586e-08,6.07364,0.00086786,8822.91,-118.754,5,0,0.0430767,0.033645,4.1873,0.00132215,0.257704,-147.425,5,0
15,1100,15,1000,1000,0.87,0.2,1.1,0.09,0.1,0.002,10,0.042488,0.00361106,inf,0.00115899,0.204812,-167.048,5,0,0.0548219,0.00469547,8.50971,0.00102929,0.0833089,-149.561,5,0
15,1100,15,1000,1000,0.87,0.2,0.88,0.09,0.08,0.002,10,0.104222,4.24335e-05,3.00001,0.00113908,1123.45,-167.312,5,0,0.0715905,1.83825e-07,1.47615e+06,0.000800246,0.168011,-140.687,5,0
15,1100,15,1000,1000,0.87,0.2,0.44,0.09,0.04,0.002,10,0.0473228,1.6281e-06,6.07316,0.000933857,0.105054,-146.15,5,0,0.153118,1.45359e-05,2.25099,0.000805475,0.348461,-123.963,5,0
15,1100,15,1000,1000,0.87,0.2,0.22,0.09,0.02,0.002,10,948.566,0.0145089,1.00004,0.00140096,0.153482,-174.533,5,0,0.0664405,1.30219e-07,109670,0.000534277,0.217882,-101.089,5,0
15,1100,15,1000,1000,0.87,0.2,1.1,0.09,0.1,0.002,11,0.104222,4.24335e-05,3.00001,0.00113908,1123.45,-167.312,5,0,118.734,0.1925,1.00068,0.00271519,0.405889,-135.628,5,0
15,1100,15,1000,1000,0.87,0.2,0.88,0.09,0.08,0.002,11,0.0840059,0.0327478,4.47709,0.00112294,0.152902,-145.095,5,0,0.102919,1.65467e-07,8.35189,0.000666962,0.0808626,-116.896,5,0
15,1100,15,1000,1000,0.87,0.2,0.44,0.09,0.04,0.002,11,0.0921739,0.0538284,2.99988,0.00172748,0.35569,-177.191,5,0,0.0632908,1.4188e-06,6.86776,0.000800059,0.152943,-126.85,5,0
15,1100,15,1000,1000,0.87,0.2,0.22,0.09,0.02,0.002,11,948.566,0.0145089,1.00004,0.00140096,0.153482,-174.533,5,0,0.0581704,7.69965e-09,1.34434e+06,0.000866631,0.208196,-142.551,5,0
15,1100,15,1000,1000,0.87,0.2,1.1,0.09,0.1,0.002,12,0.104222,4.24335e-05,3.00001,0.00113908,1123.45,-167.312,5,0,0.086222,4.2896e-08,2.79172,0.00100077,0.236393,-149.182,5,0
15,1100,15,1000,1000,0.87,0.2,0.88,0.09,0.08,0.002,12,0.120783,0.0852472,2.99997,0.00158147,74231.2,-138.064,5,0,0.0535801,3.39651e-08,6.31272,0.000865887,0.220403,-135.572,5,0
15,1100,15,1000,1000,0.87,0.2,0.44,0.09,0.04,0.002,12,948.566,0.0145089,1.00004,0.00140096,0.153482,-174.533,5,0,0.146805,1.02558e-05,2.4616,0.000665344,123.054,-97.9398,5,0
15,1100,15,1000,1000,0.87,0.2,0.22,0.09,0.02,0.002,12,948.566,0.0145089,1.00004,0.00140096,0.153482,-174.533,5,0,0.0450195,5.43285e-08,inf,0.000800089,18.0674,-118.075,5,0
15,1100,15,1000,1000,0.87,0.2,1.1,0.09,0.1,0.002,13,0.104222,4.24335e-05,3.00001,0.00113908,1123.45,-167.312,5,0,0.102945,0.0075522,3.00002,0.00090683,0.248173,-132.605,5,0
15,1100,15,1000,1000,0.87,0.2,0.88,0.09,0.08,0.002,13,0.0896023,3.76402e-06,26.7206,0.000730483,0.185346,-136.492,5,0,0.266719,0.154598,2.84438,0.00157867,80.5349,-115.158,5,0
15,1100,15,1000,1000,0.87,0.2,0.44,0.09,0.04,0.002,13,0.0840059,0.0327478,4.47709,0.00112294,0.152902,-145.095,5,0,0.0976051,0.0992399,3.67916,0.00160462,75.8572,-127.308,5,0
15,1100,15,1000,1000,0.87,0.2,0.22,0.09,0.02,0.002,13,0.0840059,0.0327478,4.47709,0.00112294,0.152902,-145.095,5,0,0.161047,0.0608328,3,0.00126444,36060.9,-138.034,5,0
15,1100,15,1000,1000,0.87,0.2,1.1,0.09,0.1,0.002,14,0.349015,0.135943,4.02056,0.00129229,0.724476,-136.551,5,0,0.105845,0.0796817,3,0.00197113,0.487836,-173.732,5,0
15,1100,15,1000,1000,0.87,0.2,0.88,0.09,0.08,0.002,14,0.0317358,1.37586e-08,6.07364,0.00086786,8822.91,-118.754,5,0,0.0592184,4.76321e-07,59657,0.000664248,0.133657,-121.59,5,0
15,1100,15,1000,1000,0.87,0.2,0.44,0.09,0.04,0.002,14,0.100767,4.6275e-05,4.0007,0.00120602,0.306186,-186.399,5,0,0.0317358,1.37586e-08,6.07364,0.00086786,8822.91,-118.754,5,0
15,1100,15,1000,1000,0.87,0.2,0.22,0.09,0.02,0.002,14,66.6361,2.41605e-09,1.00063,0.00114179,0.169549,-163.482,5,0,0.400167,0.15292,3,0.00141031,61020.8,-126.107,5,0
15,1100,15,1000,1000,0.87,0.2,1.1,0.09,0.1,0.002,15,NA
15,1100,15,1000,1000,0.87,0.2,0.88,0.09,0.08,0.002,15,13.4658,5.37919e-09,1.00377,0.000939992,0.248227,-136.155,5,0,0.0616395,1.8e-06,3.31542,0.000802627,0.383634,-116.895,5,0
15,1100,15,1000,1000,0.87,0.2,0.44,0.09,0.04,0.002,15,66.6361,2.41605e-09,1.00063,0.00114179,0.169549,-163.482,5,0,0.266719,0.154598,2.84438,0.00157867,80.5349,-115.158,5,0
15,1100,15,1000,1000,0.87,0.2,0.22,0.09,0.02,0.002,15,948.566,0.0145089,1.00004,0.00140096,0.153482,-174.533,5,0,0.146805,1.02558e-05,2.4616,0.000665344,123.054,-97.9398,5,0
15,1100,15,1000,1000,0.87,0.2,1.1,0.09,0.1,0.002,16,39.354,0.0577002,1.00113,0.00152335,8879.84,-137.952,5,0,0.0433052,6.59635e-06,14309.6,0.000929249,0.227927,-147.08,5,0
15,1100,15,1000,1000,0.87,0.2,0.88,0.09,0.08,0.002,16,0.104222,4.24335e-05,3.00001,0.00113908,1123.45,-167.312,5,0,0.0874769,1.64645e-07,4.00584,0.000934102,0.128625,-150.107,5,0
15,1100,15,1000,1000,0.87,0.2,0.44,0.09,0.04,0.002,16,0.149684,1.951e-09,2.25744,0.000803218,0.316285,-124.468,5,0,0.0601777,0.024348,inf,0.00130111,0.55474,-169.72,5,0
15,1100,15,1000,1000,0.87,0.2,0.22,0.09,0.02,0.002,16,0.0706588,3.31076e-09,9.7337,0.000934162,0.138679,-159.765,5,0,0.0617464,7.98572e-07,21.5492,0.000868905,0.533398,-137.853,5,0
15,1100,15,1000,1000,0.87,0.2,1.1,0.09,0.1,0.002,17,0.0605155,3.77315e-09,23.5468,0.000866938,0.445688,-138.576,5,0,0.0671196,8.36541e-07,3.43959,0.00113694,0.114405,-165.729,5,0
15,1100,15,1000,1000,0.87,0.2,0.88,0.09,0.08,0.002,17,0.349015,0.135943,4.02056,0.00129229,0.724476,-136.551,5,0,0.105845,0.0796817,3,0.00197113,0.487836,-173.732,5,0
15,1100,15,1000,1000,0.87,0.2,0.44,0.09,0.04,0.002,17,0.104222,4.24335e-05,3.00001,0.00113908,1123.45,-167.312,5,0,0.102945,0.0075522,3.00002,0.00090683,0.248173,-132.605,5,0
15,1100,15,1000,1000,0.87,0.2,0.22,0.09,0.02,0.002,17,0.0973437,0.0304029,3.00001,0.000951761,0.229968,-126.466,5,0,0.0692853,0.00676221,4.71364,0.00104259,24.1219,-143.341,5,0
15,1100,15,1000,1000,0.87,0.2,1.1,0.09,0.1,0.002,18,0.0460735,3.38712e-08,5.99358e+06,0.000866551,0.248587,-135.277,5,0,0.0808489,2.32486e-07,5.60439,0.00100717,0.217296,-161.81,5,0
15,1100,15,1000,1000,0.87,0.2,0.88,0.09,0.08,0.002,18,0.0509396,1.72961e-05,2.28871e+06,0.000936727,0.204983,-148.424,5,0,0.0808489,2.32486e-07,5.60439,0.00100717,0.217296,-161.81,5,0
15,1100,15,1000,1000,0.87,0.2,0.44,0.09,0.04,0.002,18,0.0509396,1.72961e-05,2.28871e+06,0.000936727,0.204983,-148.424,5,0,0.0808489,2.32486e-07,5.60439,0.00100717,0.217296,-161.81,5,0
15,1100,15,1000,1000,0.87,0.2,0.22,0.09,0.02,0.002,18,0.0896023,3.76402e-06,26.7206,0.000730483,0.185346,-136.492,5,0,0.0617464,7.98572e-07,21.5492,0.000868905,0.533398,-137.853,5,0
15,1100,15,1000,1000,0.87,0.2,1.1,0.09,0.1,0.002,19,0.0460735,3.38712e-08,5.99358e+06,0.000866551,0.248587,-135.277,5,0,0.142081,1.38078e-05,4.99987,0.000934066,0.396515,-153.84,5,0
15,1100,15,1000,1000,0.87,0.2,0.88,0.09,0.08,0.002,19,NA
15,1100,15,1000,1000,0.87,0.2,0.44,0.09,0.04,0.002,19,0.0509396,1.72961e-05,2.28871e+06,0.000936727,0.204983,-148.424,5,0,0.142081,1.38078e-05,4.99987,0.000934066,0.396515,-153.84,5,0
15,1100,15,1000,1000,0.87,0.2,0.22,0.09,0.02,0.002,19,0.0473228,1.6281e-06,6.07316,0.000933857,0.105054,-146.15,5,0,0.0653912,0.0535431,1.09907e+06,0.00116632,0.442306,-131.768,5,0
15,1100,15,1000,1000,0.87,0.2,1.1,0.09,0.1,0.002,20,0.0460735,3.38712e-08,5.99358e+06,0.000866551,0.248587,-135.277,5,0,0.0563832,7.08546e-06,31,0.00106759,0.460216,-166.551,5,0
15,1100,15,1000,1000,0.87,0.2,0.88,0.09,0.08,0.002,20,0.110042,1.33535e-08,3.81312,0.000869216,0.279743,-145.166,5,0,0.0754656,0.0192731,3.00001,0.00119954,0.513275,-150.28,5,0
15,1100,15,1000,1000,0.87,0.2,0.44,0.09,0.04,0.002,20,0.0896023,3.76402e-06,26.7206,0.000730483,0.185346,-136.492,5,0,0.0653765,0.101732,5.9729e+06,0.00197452,0.421614,-159.158,5,0
15,1100,15,1000,1000,0.87,0.2,0.22,0.09,0.02,0.002,20,0.0497934,9.41441e-09,22.0866,0.000867074,0.47748,-131.906,5,0,0.104222,4.24335e-05,3.00001,0.00113908,1123.45,-167.312,5,0
15,1100,15,1000,1000,0.87,0.2,1.1,0.09,0.1,0.002,21,0.0460735,3.38712e-08,5.99358e+06,0.000866551,0.248587,-135.277,5,0,0.0924634,8.69988e-06,23.7488,0.000731946,0.199792,-136.005,5,0
15,1100,15,1000,1000,0.87,0.2,0.88,0.09,0.08,0.002,21,0.0460735,3.38712e-08,5.99358e+06,0.000866551,0.248587,-135.277,5,0,0.0578402,1.53286e-08,3.37159,0.00107027,0.156317,-156.288,5,0
15,1100,15,1000,1000,0.87,0.2,0.44,0.09,0.04,0.002,21,0.110042,1.33535e-08,3.81312,0.000869216,0.279743,-145.166,5,0,0.0687906,1.02951e-06,131968,0.000865001,0.198103,-155.515,5,0
15,1100,15,1000,1000,0.87,0.2,0.22,0.09,0.02,0.002,21,0.0896023,3.76402e-06,26.7206,0.000730483,0.185346,-136.492,5,0,0.0617464,7.98572e-07,21.5492,0.000868905,0.533398,-137.853,5,0
15,1100,15,1000,1000,0.87,0.2,1.1,0.09,0.1,0.002,22,0.0460735,3.38712e-08,5.99358e+06,0.000866551,0.248587,-135.277,5,0,0.0578402,1.53286e-08,3.37159,0.00107027,0.156317,-156.288,5,0
15,1100,15,1000,1000,0.87,0.2,0.88,0.09,0.08,0.002,22,0.0509396,1.72961e-05,2.28871e+06,0.000936727,0.204983,-148.424,5,0,13.4658,5.37919e-09,1.00377,0.000939992,0.248227,-136.155,5,0
15,1100,15,1000,1000,0.87,0.2,0.44,0.09,0.04,0.002,22,0.0896023,3.76402e-06,26.7206,0.000730483,0.185346,-136.492,5,0,0.0430767,0.033645,4.1873,0.00132215,0.257704,-147.425,5,0
15,1100,15,1000,1000,0.87,0.2,0.22,0.09,0.02,0.002,22,0.0666523,3.28795e-07,8.0095,0.00100077,0.163002,-156.603,5,0,0.0538942,0.00500273,inf,0.000960616,0.253453,-145.917,5,0
15,1100,15,1000,1000,0.87,0.2,1.1,0.09,0.1,0.002,23,0.0509396,1.72961e-05,2.28871e+06,0.000936727,0.204983,-148.424,5,0,0.06587,1.80417e-05,20.9855,0.000932796,0.214273,-153.686,5,0
15,1100,15,1000,1000,0.87,0.2,0.88,0.09,0.08,0.002,23,0.0460735,3.38712e-08,5.99358e+06,0.000866551,0.248587,-135.277,5,0,0.0536563,0.00436153,200311,0.000956941,0.242663,-147.098,5,0
15,1100,15,1000,1000,0.87,0.2,0.44,0.09,0.04,0.002,23,0.110042,1.33535e-08,3.81312,0.000869216,0.279743,-145.166,5,0,0.187292,1.04995e-06,3.56147,0.000734678,0.327548,-123.019,5,0
15,1100,15,1000,1000,0.87,0.2,0.22,0.09,0.02,0.002,23,0.110042,1.33535e-08,3.81312,0.000869216,0.279743,-145.166,5,0,39.354,0.0577002,1.00113,0.00152335,8879.84,-137.952,5,0
15,1100,15,1000,1000,0.87,0.2,1.1,0.09,0.1,0.002,24,0.0460735,3.38712e-08,5.99358e+06,0.000866551,0.248587,-135.277,5,0,0.184448,0.174493,6.75596,0.00199493,0.280872,-143.424,5,0
15,1100,15,1000,1000,0.87,0.2,0.88,0.09,0.08,0.002,24,0.0728461,1.12453e-07,4.31885,0.00100135,0.194475,-155.049,5,0,11.6006,0.0318438,1.00211,0.00124149,0.215278,-140.781,5,0
15,1100,15,1000,1000,0.87,0.2,0.44,0.09,0.04,0.002,24,0.0896023,3.76402e-06,26.7206,0.000730483,0.185346,-136.492,5,0,0.1232,0.0318546,12.3451,0.000929042,1.22482,-136.059,5,0
15,1100,15,1000,1000,0.87,0.2,0.22,0.09,0.02,0.002,24,0.0473228,1.6281e-06,6.07316,0.000933857,0.105054,-146.15,5,0,0.100767,4.6275e-05,4.0007,0.00120602,0.306186,-186.399,5,0
15,1100,15,1000,1000,0.87,0.2,1.1,0.09,0.1,0.002,25,0.0460735,3.38712e-08,5.99358e+06,0.000866551,0.248587,-135.277,5,0,0.0694284,1.41735e-07,7.39477,0.00100193,0.176674,-155.95,5,0
15,1100,15,1000,1000,0.87,0.2,0.88,0.09,0.08,0.002,25,0.0460735,3.38712e-08,5.99358e+06,0.000866551,0.248587,-135.277,5,0,0.0563832,7.08546e-06,31,0.00106759,0.460216,-166.551,5,0
15,1100,15,1000,1000,0.87,0.2,0.44,0.09,0.04,0.002,25,0.0896023,3.76402e-06,26.7206,0.000730483,0.185346,-136.492,5,0,0.400167,0.15292,3,0.00141031,61020.8,-126.107,5,0
15,1100,15,1000,1000,0.87,0.2,0.22,0.09,0.02,0.002,25,0.0509396,1.72961e-05,2.28871e+06,0.000936727,0.204983,-148.424,5,0,0.11615,1.14847e-05,3,0.000936836,0.808729,-140.678,5,0
15,1100,15,1000,1000,0.87,0.2,1.1,0.09,0.1,0.002,26,0.0460735,3.38712e-08,5.99358e+06,0.000866551,0.248587,-135.277,5,0,0.103655,1.796e-06,6.72939,0.000669323,0.132254,-112.602,5,0
15,1100,15,1000,1000,0.87,0.2,0.88,0.09,0.08,0.002,26,0.0728461,1.12453e-07,4.31885,0.00100135,0.194475,-155.049,5,0,0.187292,1.04995e-06,3.56147,0.000734678,0.327548,-123.019,5,0
15,1100,15,1000,1000,0.87,0.2,0.44,0.09,0.04,0.002,26,0.0896023,3.76402e-06,26.7206,0.000730483,0.185346,-136.492,5,0,0.068016,6.72687e-08,1.17102e+06,0.000799123,0.190745,-135.949,5,0
15,1100,15,1000,1000,0.87,0.2,0.22,0.09,0.02,0.002,26,0.0896023,3.76402e-06,26.7206,0.000730483,0.185346,-136.492,5,0,21.0654,2.67551e-08,1.00202,0.00114144,0.17078,-163.412,5,0
15,1100,15,1000,1000,0.87,0.2,1.1,0.09,0.1,0.002,27,0.0460735,3.38712e-08,5.99358e+06,0.000866551,0.248587,-135.277,5,0,23.9425,0.0952914,1.00305,0.00182037,0.249924,-148.195,5,0
15,1100,15,1000,1000,0.87,0.2,0.88,0.09,0.08,0.002,27,0.0460735,3.38712e-08,5.99358e+06,0.000866551,0.248587,-135.277,5,0,0.05318,3.49925e-08,5.40762,0.000935104,0.130136,-144.578,5,0
15,1100,15,1000,1000,0.87,0.2,0.44,0.09,0.04,0.002,27,0.0460735,3.38712e-08,5.99358e+06,0.000866551,0.248587,-135.277,5,0,0.0923659,1.98444e-05,4.00004,0.000935363,0.567478,-139.966,5,0
15,1100,15,1000,1000,0.87,0.2,0.22,0.09,0.02,0.002,27,0.0460735,3.38712e-08,5.99358e+06,0.000866551,0.248587,-135.277,5,0,0.0559319,2.83911e-09,32.4866,0.00100134,1.23721,-154.383,5,0
15,1100,15,1000,1000,0.87,0.2,1.1,0.09,0.1,0.002,28,0.0460735,3.38712e-08,5.99358e+06,0.000866551,0.248587,-135.277,5,0,23.9425,0.0952914,1.00305,0.00182037,0.249924,-148.195,5,0
15,1100,15,1000,1000,0.87,0.2,0.88,0.09,0.08,0.002,28,0.0460735,3.38712e-08,5.99358e+06,0.000866551,0.248587,-135.277,5,0,0.118811,1.2197e-09,3.71256,0.000869437,0.388349,-142.984,5,0
15,1100,15,1000,1000,0.87,0.2,0.44,0.09,0.04,0.002,28,0.0460735,3.38712e-08,5.99358e+06,0.000866551,0.248587,-135.277,5,0,0.0460735,3.38712e-08,5.99358e+06,0.000866551,0.248587,-135.277,5,0
15,1100,15,1000,1000,0.87,0.2,0.22,0.09,0.02,0.002,28,0.0246952,1.68464e-09,38.5156,0.00119998,0.199647,-168.383,5,0,0.0308296,1.02397e-06,9.1848,0.00120087,0.282941,-164.921,5,0
15,1100,15,1000,1000,0.87,0.2,1.1,0.09,0.1,0.002,29,NA
15,1100,15,1000,1000,0.87,0.2,0.88,0.09,0.08,0.002,29,NA
15,1100,15,1000,1000,0.87,0.2,0.44,0.09,0.04,0.002,29,0.0393525,1.51707e-08,33511.7,0.000934038,0.0868961,-151.657,5,0,0.046529,5.0629e-07,193740,0.00107104,0.174406,-165.674,5,0
15,1100,15,1000,1000,0.87,0.2,0.22,0.09,0.02,0.002,29,NA
15,1100,15,1000,1000,0.87,0.2,1.1,0.09,0.1,0.002,30,0.105507,0.0375715,2.99997,0.000903658,170490,-106.47,5,0,0.0402991,5.45241e-06,13339.6,0.000933586,0.0927287,-151.117,5,0
15,1100,15,1000,1000,0.87,0.2,0.88,0.09,0.08,0.002,30,0.0393525,1.51707e-08,33511.7,0.000934038,0.0868961,-151.657,5,0,4696.98,3.41939e-12,1,0.00100685,491.595,-124.204,5,0
15,1100,15,1000,1000,0.87,0.2,0.44,0.09,0.04,0.002,30,0.0701962,6.22173e-06,1.1369e+06,0.000801734,0.185123,-138.073,5,0,0.105507,0.0375715,2.99997,0.000903658,170490,-106.47,5,0
15,1100,15,1000,1000,0.87,0.2,0.22,0.09,0.02,0.002,30,0.0851712,3.0227e-08,6.17054,0.00073443,0.117821,-130.264,5,0,0.0968539,1.40855e-08,5.65533,0.000734086,0.16512,-128.335,5,0
15,1100,15,1000,1000,0.87,0.2,1.1,0.09,0.1,0.002,31,0.0851712,3.0227e-08,6.17054,0.00073443,0.117821,-130.264,5,0,0.0968539,1.40855e-08,5.65533,0.000734086,0.16512,-128.335,5,0
15,1100,15,1000,1000,0.87,0.2,0.88,0.09,0.08,0.002,31,0.0819681,1.84069e-07,20.8982,0.000801718,0.831306,-141.796,5,0,0.143108,8.17084e-07,3,0.000668687,6.76498,-105.281,5,0
15,1100,15,1000,1000,0.87,0.2,0.44,0.09,0.04,0.002,31,0.0819681,1.84069e-07,20.8982,0.000801718,0.831306,-141.796,5,0,0.051365,5.90394e-07,18.8047,0.000866155,0.580191,-131.089,5,0
15,1100,15,1000,1000,0.87,0.2,0.22,0.09,0.02,0.002,31,0.0819681,1.84069e-07,20.8982,0.000801718,0.831306,-141.796,5,0,0.161486,6.52672e-07,2.99984,0.000600108,422.516,-97.1938,5,0
15,1100,15,1000,1000,0.87,0.2,1.1,0.09,0.1,0.002,32,0.0819681,1.84069e-07,20.8982,0.000801718,0.831306,-141.796,5,0,0.0873104,1.5936e-07,37.4768,0.000734602,0.742988,-136.871,5,0
15,1100,15,1000,1000,0.87,0.2,0.88,0.09,0.08,0.002,32,0.0819681,1.84069e-07,20.8982,0.000801718,0.831306,-141.796,5,0,0.0873104,1.5936e-07,37.4768,0.000734602,0.742988,-136.871,5,0
15,1100,15,1000,1000,0.87,0.2,0.44,0.09,0.04,0.002,32,0.0457661,3.5174e-08,57.7883,0.000801758,0.108105,-128.046,5,0,0.0923659,1.98444e-05,4.00004,0.000935363,0.567478,-139.966,5,0
15,1100,15,1000,1000,0.87,0.2,0.22,0.09,0.02,0.002,32,5.70505,5.73925e-05,1.00351,0.000942119,0.889188,-122.021,5,0,0.0559319,2.83911e-09,32.4866,0.00100134,1.23721,-154.383,5,0
15,1100,15,1000,1000,0.87,0.2,1.1,0.09,0.1,0.002,33,NA
15,1100,15,1000,1000,0.87,0.2,0.88,0.09,0.08,0.002,33,5.70505,5.73925e-05,1.00351,0.000942119,0.889188,-122.021,5,0,0.118811,1.2197e-09,3.71256,0.000869437,0.388349,-142.984,5,0
15,1100,15,1000,1000,0.87,0.2,0.44,0.09,0.04,0.002,33,3.03679,0.0178703,1.01412,0.000973564,0.130758,-125.436,5,0,22.913,0.134286,1.00416,0.00175362,0.29774,-118.4,5,0
15,1100,15,1000,1000,0.87,0.2,0.22,0.09,0.02,0.002,33,0.0535263,6.44967e-09,192.305,0.0010003,0.224166,-164.44,5,0,0.130795,0.0494667,6.40487,0.000930164,41.4067,-119.854,5,0
15,1100,15,1000,1000,0.87,0.2,1.1,0.09,0.1,0.002,34,0.0569554,0.11677,16.4727,0.00179529,0.225902,-141.529,5,0,0.04953,4.94552e-07,3.54301,0.000871019,0.191147,-128.282,5,0
15,1100,15,1000,1000,0.87,0.2,0.88,0.09,0.08,0.002,34,2.26082,0.0500623,1.02346,0.00126271,0.60276,-128.46,5,0,0.0175874,1.37903e-07,84990.4,0.000865899,19873.5,-114.738,5,0
15,1100,15,1000,1000,0.87,0.2,0.44,0.09,0.04,0.002,34,0.0535263,6.44967e-09,192.305,0.0010003,0.224166,-164.44,5,0,0.0656725,9.24397e-06,3.0006,0.000937377,0.146182,-139.703,5,0
15,1100,15,1000,1000,0.87,0.2,0.22,0.09,0.02,0.002,34,0.0535263,6.44967e-09,192.305,0.0010003,0.224166,-164.44,5,0,0.0886947,4.10704e-10,13.6581,0.000933289,0.237801,-166.829,5,0
15,1100,15,1000,1000,0.87,0.2,1.1,0.09,0.1,0.002,35,NA
15,1100,15,1000,1000,0.87,0.2,0.88,0.09,0.08,0.002,35,0.0940949,2.10458e-08,2.90651,0.00107002,0.661136,-152.775,5,0,0.0717763,0.0412209,79684,0.000835122,0.885438,-107.088,5,0
15,1100,15,1000,1000,0.87,0.2,0.44,0.09,0.04,0.002,35,0.0535263,6.44967e-09,192.305,0.0010003,0.224166,-164.44,5,0,0.0886947,4.10704e-10,13.6581,0.000933289,0.237801,-166.829,5,0
15,1100,15,1000,1000,0.87,0.2,0.22,0.09,0.02,0.002,35,0.0535263,6.44967e-09,192.305,0.0010003,0.224166,-164.44,5,0,0.0604267,1.6127e-05,27238.2,0.000801684,0.692026,-137.566,5,0
15,1100,15,1000,1000,0.87,0.2,1.1,0.09,0.1,0.002,36,NA
15,1100,15,1000,1000,0.87,0.2,0.88,0.09,0.08,0.002,36,0.0413166,4.94819e-06,69001.1,0.0010667,0.411089,-160.605,5,0,0.0588158,6.88837e-12,6.47314,0.000867854,620.01,-129.057,5,0
15,1100,15,1000,1000,0.87,0.2,0.44,0.09,0.04,0.002,36,0.0535263,6.44967e-09,192.305,0.0010003,0.224166,-164.44,5,0,0.0356904,6.00587e-07,77229.8,0.000665531,89311.7,-100.464,5,0
15,1100,15,1000,1000,0.87,0.2,0.22,0.09,0.02,0.002,36,0.0535263,6.44967e-09,192.305,0.0010003,0.224166,-164.44,5,0,0.0846121,1.50471e-10,7.18221,0.000734951,0.110013,-129.433,5,0
15,1100,15,1000,1000,0.87,0.2,1.1,0.09,0.1,0.002,37,0.0940949,2.10458e-08,2.90651,0.00107002,0.661136,-152.775,5,0,0.051052,4.69426e-06,2.99999,0.000799512,0.3611,-117.095,5,0
15,1100,15,1000,1000,0.87,0.2,0.88,0.09,0.08,0.002,37,3.03679,0.0178703,1.01412,0.000973564,0.130758,-125.436,5,0,847.665,4.36271e-09,1.00004,0.000800831,0.136751,-117.224,5,0
15,1100,15,1000,1000,0.87,0.2,0.44,0.09,0.04,0.002,37,0.0535263,6.44967e-09,192.305,0.0010003,0.224166,-164.44,5,0,0.0656725,9.24397e-06,3.0006,0.000937377,0.146182,-139.703,5,0
15,1100,15,1000,1000,0.87,0.2,0.22,0.09,0.02,0.002,37,0.0535263,6.44967e-09,192.305,0.0010003,0.224166,-164.44,5,0,0.0880336,1.60777e-05,2.45213,0.000937194,1.30802,-129.069,5,0
15,1100,15,1000,1000,0.87,0.2,1.1,0.09,0.1,0.002,38,0.0896023,3.76402e-06,26.7206,0.000730483,0.185346,-136.492,5,0,0.400167,0.15292,3,0.00141031,61020.8,-126.107,5,0
15,1100,15,1000,1000,0.87,0.2,0.88,0.09,0.08,0.002,38,3.03679,0.0178703,1.01412,0.000973564,0.130758,-125.436,5,0,0.184436,5.75374e-07,2.24607,0.00093942,0.189827,-150.305,5,0
15,1100,15,1000,1000,0.87,0.2,0.44,0.09,0.04,0.002,38,0.0535263,6.44967e-09,192.305,0.0010003,0.224166,-164.44,5,0,0.0462947,2.07283e-07,2.99998,0.00107105,0.307787,-148.867,5,0
15,1100,15,1000,1000,0.87,0.2,0.22,0.09,0.02,0.002,38,0.0535263,6.44967e-09,192.305,0.0010003,0.224166,-164.44,5,0,0.0931441,4.66814e-08,9.99735,0.000665613,3571.56,-115.915,5,0
15,1100,15,1000,1000,0.87,0.2,1.1,0.09,0.1,0.002,39,0.0781926,0.0650973,721457,0.000848256,0.442828,-97.1978,5,0,0.0538555,9.56561e-07,27109.5,0.000997683,0.176674,-169.363,5,0
15,1100,15,1000,1000,0.87,0.2,0.88,0.09,0.08,0.002,39,0.0219516,1.16181e-08,17.4912,0.00106788,0.199627,-149.542,5,0,0.204434,0.0506927,3.00001,0.00100627,0.0864385,-131.524,5,0
15,1100,15,1000,1000,0.87,0.2,0.44,0.09,0.04,0.002,39,0.0535263,6.44967e-09,192.305,0.0010003,0.224166,-164.44,5,0,0.0731642,8.22929e-09,8.00057,0.00066638,0.177689,-110.78,5,0
15,1100,15,1000,1000,0.87,0.2,0.22,0.09,0.02,0.002,39,136.409,3.49368e-05,1.00022,0.00115402,0.172446,-160.616,5,0,0.04953,4.94552e-07,3.54301,0.000871019,0.191147,-128.282,5,0
15,1100,15,1000,1000,0.87,0.2,1.1,0.09,0.1,0.002,40,0.400167,0.15292,3,0.00141031,61020.8,-126.107,5,0,0.0688654,1.03868e-07,821065,0.000731913,0.205937,-129.693,5,0
15,1100,15,1000,1000,0.87,0.2,0.88,0.09,0.08,0.002,40,66.6361,2.41605e-09,1.00063,0.00114179,0.169549,-163.482,5,0,0.400167,0.15292,3,0.00141031,61020.8,-126.107,5,0
15,1100,15,1000,1000,0.87,0.2,0.44,0.09,0.04,0.002,40,136.409,3.49368e-05,1.00022,0.00115402,0.172446,-160.616,5,0,0.0492099,3.27853e-06,inf,0.000935389,3.18542,-143.768,5,0
15,1100,15,1000,1000,0.87,0.2,0.22,0.09,0.02,0.002,40,136.409,3.49368e-05,1.00022,0.00115402,0.172446,-160.616,5,0,0.0512413,9.34931e-07,37403.8,0.00093171,0.174855,-152.133,5,0
15,1100,15,1000,1000,0.87,0.2,1.1,0.09,0.1,0.002,41,0.400167,0.15292,3,0.00141031,61020.8,-126.107,5,0,0.127713,1.07483e-07,8.73565,0.000732825,0.0899376,-145.184,5,0
15,1100,15,1000,1000,0.87,0.2,0.88,0.09,0.08,0.002,41,66.6361,2.41605e-09,1.00063,0.00114179,0.169549,-163.482,5,0,0.400167,0.15292,3,0.00141031,61020.8,-126.107,5,0
15,1100,15,1000,1000,0.87,0.2,0.44,0.09,0.04,0.002,41,136.409,3.49368e-05,1.00022,0.00115402,0.172446,-160.616,5,0,0.0492099,3.27853e-06,inf,0.000935389,3.18542,-143.768,5,0
15,1100,15,1000,1000,0.87,0.2,0.22,0.09,0.02,0.002,41,136.409,3.49368e-05,1.00022,0.00115402,0.172446,-160.616,5,0,0.0492099,3.27853e-06,inf,0.000935389,3.18542,-143.768,5,0
15,1100,15,1000,1000,0.87,0.2,1.1,0.09,0.1,0.002,42,NA
15,1100,15,1000,1000,0.87,0.2,0.88,0.09,0.08,0.002,42,66.6361,2.41605e-09,1.00063,0.00114179,0.169549,-163.482,5,0,0.400167,0.15292,3,0.00141031,61020.8,-126.107,5,0
15,1100,15,1000,1000,0.87,0.2,0.44,0.09,0.04,0.002,42,136.409,3.49368e-05,1.00022,0.00115402,0.172446,-160.616,5,0,0.0492099,3.27853e-06,inf,0.000935389,3.18542,-143.768,5,0
15,1100,15,1000,1000,0.87,0.2,0.22,0.09,0.02,0.002,42,66.6361,2.41605e-09,1.00063,0.00114179,0.169549,-163.482,5,0,0.0317358,1.37586e-08,6.07364,0.00086786,8822.91,-118.754,5,0
15,1100,15,1000,1000,0.87,0.2,1.1,0.09,0.1,0.002,43,0.400167,0.15292,3,0.00141031,61020.8,-126.107,5,0,0.0947159,0.117098,3.10534e+06,0.00179936,0.236307,-154.516,5,0
15,1100,15,1000,1000,0.87,0.2,0.88,0.09,0.08,0.002,43,0.400167,0.15292,3,0.00141031,61020.8,-126.107,5,0,0.0857705,0.0177845,10.8565,0.000806169,0.208168,-118.245,5,0
15,1100,15,1000,1000,0.87,0.2,0.44,0.09,0.04,0.002,43,66.6361,2.41605e-09,1.00063,0.00114179,0.169549,-163.482,5,0,0.400167,0.15292,3,0.00141031,61020.8,-126.107,5,0
15,1100,15,1000,1000,0.87,0.2,0.22,0.09,0.02,0.002,43,66.6361,2.41605e-09,1.00063,0.00114179,0.169549,-163.482,5,0,0.400167,0.15292,3,0.00141031,61020.8,-126.107,5,0
15,1100,15,1000,1000,0.87,0.2,1.1,0.09,0.1,0.002,44,0.400167,0.15292,3,0.00141031,61020.8,-126.107,5,0,9.42482,0.122963,1.00607,0.00201643,0.233863,-137.973,5,0
15,1100,15,1000,1000,0.87,0.2,0.88,0.09,0.08,0.002,44,0.400167,0.15292,3,0.00141031,61020.8,-126.107,5,0,0.0688654,1.03868e-07,821065,0.000731913,0.205937,-129.693,5,0
15,1100,15,1000,1000,0.87,0.2,0.44,0.09,0.04,0.002,44,0.100767,4.6275e-05,4.0007,0.00120602,0.306186,-186.399,5,0,0.0317358,1.37586e-08,6.07364,0.00086786,8822.91,-118.754,5,0
15,1100,15,1000,1000,0.87,0.2,0.22,0.09,0.02,0.002,44,66.6361,2.41605e-09,1.00063,0.00114179,0.169549,-163.482,5,0,0.0317358,1.37586e-08,6.07364,0.00086786,8822.91,-118.754,5,0
15,1100,15,1000,1000,0.87,0.2,1.1,0.09,0.1,0.002,45,0.400167,0.15292,3,0.00141031,61020.8,-126.107,5,0,2.43808,1.09823e-06,1.01236,0.00114061,0.177494,-160.341,5,0
15,1100,15,1000,1000,0.87,0.2,0.88,0.09,0.08,0.002,45,0.400167,0.15292,3,0.00141031,61020.8,-126.107,5,0,0.0870127,2.49917e-08,inf,0.000733025,4.97753,-135.138,5,0
15,1100,15,1000,1000,0.87,0.2,0.44,0.09,0.04,0.002,45,0.400167,0.15292,3,0.00141031,61020.8,-126.107,5,0,2882.06,0.0766558,1.00002,0.00145515,20.9871,-123.202,5,0
15,1100,15,1000,1000,0.87,0.2,0.22,0.09,0.02,0.002,45,0.0677199,1.37598e-10,9.25649,0.000732092,0.243238,-124.296,5,0,0.104557,7.64556e-09,4.00001,0.000736643,0.194398,-122.353,5,0
15,1100,15,1000,1000,0.87,0.2,1.1,0.09,0.1,0.002,46,0.0606563,1.51232e-07,3.00031,0.000737119,0.101243,-114.212,5,0,0.0703618,3.46602e-08,8.87195,0.000732364,0.274063,-123.582,5,0
15,1100,15,1000,1000,0.87,0.2,0.88,0.09,0.08,0.002,46,0.400167,0.15292,3,0.00141031,61020.8,-126.107,5,0,0.101464,5.23406e-06,3.56029,0.000935399,0.157544,-154.971,5,0
15,1100,15,1000,1000,0.87,0.2,0.44,0.09,0.04,0.002,46,0.400167,0.15292,3,0.00141031,61020.8,-126.107,5,0,0.15773,4.24664e-07,7.01776,0.000735907,0.256987,-133.595,5,0
15,1100,15,1000,1000,0.87,0.2,0.22,0.09,0.02,0.002,46,0.400167,0.15292,3,0.00141031,61020.8,-126.107,5,0,0.133621,9.35655e-07,4,0.000933867,9346.29,-141.053,5,0
15,1100,15,1000,1000,0.87,0.2,1.1,0.09,0.1,0.002,47,NA
15,1100,15,1000,1000,0.87,0.2,0.88,0.09,0.08,0.002,47,0.400167,0.15292,3,0.00141031,61020.8,-126.107,5,0,0.133621,9.35655e-07,4,0.000933867,9346.29,-141.053,5,0
15,1100,15,1000,1000,0.87,0.2,0.44,0.09,0.04,0.002,47,0.0677199,1.37598e-10,9.25649,0.000732092,0.243238,-124.296,5,0,0.143341,3.54405e-06,4.99996,0.000798713,0.163286,-140.619,5,0
15,1100,15,1000,1000,0.87,0.2,0.22,0.09,0.02,0.002,47,0.0677199,1.37598e-10,9.25649,0.000732092,0.243238,-124.296,5,0,0.0370752,0.00122999,483209,0.00101071,15.723,-140.122,5,0
15,1100,15,1000,1000,0.87,0.2,1.1,0.09,0.1,0.002,48,0.400167,0.15292,3,0.00141031,61020.8,-126.107,5,0,2.59333,0.0501727,1.01161,0.00129327,0.240451,-125.92,5,0
15,1100,15,1000,1000,0.87,0.2,0.88,0.09,0.08,0.002,48,0.400167,0.15292,3,0.00141031,61020.8,-126.107,5,0,0.0310144,9.87313e-07,508207,0.000866654,0.204193,-130.524,5,0
15,1100,15,1000,1000,0.87,0.2,0.44,0.09,0.04,0.002,48,0.0677199,1.37598e-10,9.25649,0.000732092,0.243238,-124.296,5,0,0.104557,7.64556e-09,4.00001,0.000736643,0.194398,-122.353,5,0
15,1100,15,1000,1000,0.87,0.2,0.22,0.09,0.02,0.002,48,0.400167,0.15292,3,0.00141031,61020.8,-126.107,5,0,0.0774095,6.77344e-06,16198.9,0.000600158,0.437707,-121.081,5,0
15,1100,15,1000,1000,0.87,0.2,1.1,0.09,0.1,0.002,49,0.0606563,1.51232e-07,3.00031,0.000737119,0.101243,-114.212,5,0,0.0703618,3.46602e-08,8.87195,0.000732364,0.274063,-123.582,5,0
15,1100,15,1000,1000,0.87,0.2,0.88,0.09,0.08,0.002,49,0.400167,0.15292,3,0.00141031,61020.8,-126.107,5,0,0.0606319,0.054241,2.22332e+06,0.0012686,65.3882,-135.62,5,0
15,1100,15,1000,1000,0.87,0.2,0.44,0.09,0.04,0.002,49,0.400167,0.15292,3,0.00141031,61020.8,-126.107,5,0,0.0820202,3.43738e-10,203599,0.00079937,0.152413,-142.991,5,0
15,1100,15,1000,1000,0.87,0.2,0.22,0.09,0.02,0.002,49,NA
15,1100,15,1000,1000,0.87,0.2,1.1,0.09,0.1,0.002,50,NA
15,1100,15,1000,1000,0.87,0.2,0.88,0.09,0.08,0.002,50,0.400167,0.15292,3,0.00141031,61020.8,-126.107,5,0,0.0601882,2.2443e-06,217047,0.00086573,0.276036,-152.378,5,0
15,1100,15,1000,1000,0.87,0.2,0.44,0.09,0.04,0.002,50,NA
15,1100,15,1000,1000,0.87,0.2,0.22,0.09,0.02,0.002,50,0.400167,0.15292,3,0.00141031,61020.8,-126.107,5,0,0.0606319,0.054241,2.22332e+06,0.0012686,65.3882,-135.62,5,0
15,1100,15,1000,1000,0.87,0.2,1.1,0.09,0.1,0.002,51,0.0606563,1.51232e-07,3.00031,0.000737119,0.101243,-114.212,5,0,0.0703618,3.46602e-08,8.87195,0.000732364,0.274063,-123.582,5,0
15,1100,15,1000,1000,0.87,0.2,0.88,0.09,0.08,0.002,51,0.400167,0.15292,3,0.00141031,61020.8,-126.107,5,0,0.0947159,0.117098,3.10534e+06,0.00179936,0.236307,-154.516,5,0
15,1100,15,1000,1000,0.87,0.2,0.44,0.09,0.04,0.002,51,0.400167,0.15292,3,0.00141031,61020.8,-126.107,5,0,0.0606319,0.054241,2.22332e+06,0.0012686,65.3882,-135.62,5,0
15,1100,15,1000,1000,0.87,0.2,0.22,0.09,0.02,0.002,51,0.400167,0.15292,3,0.00141031,61020.8,-126.107,5,0,0.15773,4.24664e-07,7.01776,0.000735907,0.256987,-133.595,5,0
15,1100,15,1000,1000,0.87,0.2,1.1,0.09,0.1,0.002,52,0.400167,0.15292,3,0.00141031,61020.8,-126.107,5,0,0.0870127,2.49917e-08,inf,0.000733025,4.97753,-135.138,5,0
15,1100,15,1000,1000,0.87,0.2,0.88,0.09,0.08,0.002,52,0.400167,0.15292,3,0.00141031,61020.8,-126.107,5,0,0.0839418,0.180848,7.03557,0.00237436,0.32018,-136.799,5,0
15,1100,15,1000,1000,0.87,0.2,0.44,0.09,0.04,0.002,52,0.400167,0.15292,3,0.00141031,61020.8,-126.107,5,0,0.188746,8.86885e-06,7.15544,0.000600548,7158.77,-123.207,5,0
15,1100,15,1000,1000,0.87,0.2,0.22,0.09,0.02,0.002,52,0.400167,0.15292,3,0.00141031,61020.8,-126.107,5,0,2882.06,0.0766558,1.00002,0.00145515,20.9871,-123.202,5,0
15,1100,15,1000,1000,0.87,0.2,1.1,0.09,0.1,0.002,53,0.400167,0.15292,3,0.00141031,61020.8,-126.107,5,0,0.123061,2.62746e-10,6.75233,0.000667395,0.53952,-115.015,5,0
15,1100,15,1000,1000,0.87,0.2,0.88,0.09,0.08,0.002,53,0.400167,0.15292,3,0.00141031,61020.8,-126.107,5,0,0.0829859,0.0783668,3.16718e+06,0.000902761,0.528531,-96.3261,5,0
15,1100,15,1000,1000,0.87,0.2,0.44,0.09,0.04,0.002,53,0.400167,0.15292,3,0.00141031,61020.8,-126.107,5,0,0.0633535,4.33484e-07,inf,0.000933734,6.76375,-153.024,5,0
15,1100,15,1000,1000,0.87,0.2,0.22,0.09,0.02,0.002,53,0.400167,0.15292,3,0.00141031,61020.8,-126.107,5,0,0.121776,4.60986e-06,3.99993,0.000801572,0.204747,-131.804,5,0
15,1100,15,1000,1000,0.87,0.2,1.1,0.09,0.1,0.002,54,0.400167,0.15292,3,0.00141031,61020.8,-126.107,5,0,0.0820202,3.43738e-10,203599,0.00079937,0.152413,-142.991,5,0
15,1100,15,1000,1000,0.87,0.2,0.88,0.09,0.08,0.002,54,0.400167,0.15292,3,0.00141031,61020.8,-126.107,5,0,0.0774095,6.77344e-06,16198.9,0.000600158,0.437707,-121.081,5,0
15,1100,15,1000,1000,0.87,0.2,0.44,0.09,0.04,0.002,54,0.400167,0.15292,3,0.00141031,61020.8,-126.107,5,0,0.0839418,0.180848,7.03557,0.00237436,0.32018,-136.799,5,0
15,1100,15,1000,1000,0.87,0.2,0.22,0.09,0.02,0.002,54,66.6361,2.41605e-09,1.00063,0.00114179,0.169549,-163.482,5,0,0.400167,0.15292,3,0.00141031,61020.8,-126.107,5,0
15,1100,15,1000,1000,0.87,0.2,1.1,0.09,0.1,0.002,55,0.120272,1.28137e-10,6.10262,0.000601077,750.964,-111.923,5,0,0.0708916,5.51065e-07,3.00003,0.000735612,0.149997,-111.849,5,0
15,1100,15,1000,1000,0.87,0.2,0.88,0.09,0.08,0.002,55,0.0219516,1.16181e-08,17.4912,0.00106788,0.199627,-149.542,5,0,847.665,4.36271e-09,1.00004,0.000800831,0.136751,-117.224,5,0
15,1100,15,1000,1000,0.87,0.2,0.44,0.09,0.04,0.002,55,0.120272,1.28137e-10,6.10262,0.000601077,750.964,-111.923,5,0,0.1298,0.0948204,17.3493,0.00103532,0.327473,-110.468,5,0
15,1100,15,1000,1000,0.87,0.2,0.22,0.09,0.02,0.002,55,0.134808,1.72496e-05,4.00014,0.000874952,0.190511,-145.143,5,0,0.104557,7.64556e-09,4.00001,0.000736643,0.194398,-122.353,5,0
15,1100,15,1000,1000,0.87,0.2,1.1,0.09,0.1,0.002,56,0.0473964,1.83459e-07,3.11447,0.00106977,0.159738,-156.02,5,0,0.0235953,1.36531e-07,12.2882,0.00106804,0.233686,-148.185,5,0
15,1100,15,1000,1000,0.87,0.2,0.88,0.09,0.08,0.002,56,0.0473964,1.83459e-07,3.11447,0.00106977,0.159738,-156.02,5,0,0.147893,4.76953e-06,4.00005,0.000868604,0.250979,-142.877,5,0
15,1100,15,1000,1000,0.87,0.2,0.44,0.09,0.04,0.002,56,0.099258,2.1792e-07,5.16027,0.000801667,0.122845,-137.049,5,0,0.127692,0.0162224,4.36906,0.000868052,0.153363,-135.101,5,0
15,1100,15,1000,1000,0.87,0.2,0.22,0.09,0.02,0.002,56,0.0473964,1.83459e-07,3.11447,0.00106977,0.159738,-156.02,5,0,0.147893,4.76953e-06,4.00005,0.000868604,0.250979,-142.877,5,0
15,1100,15,1000,1000,0.87,0.2,1.1,0.09,0.1,0.002,57,0.0541635,0.00458287,660333,0.00102681,0.25857,-154.936,5,0,2.59333,0.0501727,1.01161,0.00129327,0.240451,-125.92,5,0
15,1100,15,1000,1000,0.87,0.2,0.88,0.09,0.08,0.002,57,0.099258,2.1792e-07,5.16027,0.000801667,0.122845,-137.049,5,0,0.057816,0.021863,16088.2,0.00113405,0.283036,-153.961,5,0
15,1100,15,1000,1000,0.87,0.2,0.44,0.09,0.04,0.002,57,0.099258,2.1792e-07,5.16027,0.000801667,0.122845,-137.049,5,0,0.0882269,2.94021e-07,2.58856,0.000936316,13.8822,-132.201,5,0
15,1100,15,1000,1000,0.87,0.2,0.22,0.09,0.02,0.002,57,9.23433,0.102241,1.02245,0.00114034,0.86371,-107.494,5,0,0.086222,4.2896e-08,2.79172,0.00100077,0.236393,-149.182,5,0
15,1100,15,1000,1000,0.87,0.2,1.1,0.09,0.1,0.002,58,0.0554614,1.57352e-06,344910,0.00080005,0.246418,-132.017,5,0,0.0555709,1.35938e-06,89199.3,0.000798995,0.248996,-131.941,5,0
15,1100,15,1000,1000,0.87,0.2,0.88,0.09,0.08,0.002,58,0.0628778,4.34987e-08,153723,0.000733869,1.51261,-118.178,5,0,0.0628778,4.34987e-08,153723,0.000733869,1.51261,-118.178,5,0
15,1100,15,1000,1000,0.87,0.2,0.44,0.09,0.04,0.002,58,NA
15,1100,15,1000,1000,0.87,0.2,0.22,0.09,0.02,0.002,58,0.0543563,0.0584128,8.5676e+06,0.00130609,0.539756,-134.504,5,0,0.0579949,0.0708039,196409,0.00139263,0.859895,-132.938,5,0
15,1100,15,1000,1000,0.87,0.2,1.1,0.09,0.1,0.002,59,0.0653255,1.14461e-06,62.8079,0.000734337,0.570271,-126.255,5,0,0.0653255,1.14461e-06,62.8079,0.000734337,0.570271,-126.255,5,0
15,1100,15,1000,1000,0.87,0.2,0.88,0.09,0.08,0.002,59,0.114588,3.16064e-06,3.99999,0.000801167,0.333566,-130.206,5,0,0.110892,2.40785e-08,6.19932,0.000602698,0.210127,-110.344,5,0
15,1100,15,1000,1000,0.87,0.2,0.44,0.09,0.04,0.002,59,0.0453772,8.57332e-07,218441,0.00093426,0.151223,-159.269,5,0,0.0495777,1.24589e-05,358304,0.000937213,0.281805,-154.653,5,0
15,1100,15,1000,1000,0.87,0.2,0.22,0.09,0.02,0.002,59,0.0972412,4.038e-07,6.51161,0.000600863,0.131468,-112.312,5,0,0.110892,2.40785e-08,6.19932,0.000602698,0.210127,-110.344,5,0
15,1100,15,1000,1000,0.87,0.2,1.1,0.09,0.1,0.002,60,0.13293,7.51482e-06,2.99994,0.00100366,0.403644,-156.877,5,0,0.14694,0.00549643,2.99999,0.00103103,0.622421,-154.01,5,0
15,1100,15,1000,1000,0.87,0.2,0.88,0.09,0.08,0.002,60,3.65031,0.0679694,1.01255,0.00151328,0.171572,-145.766,5,0,118.734,0.1925,1.00068,0.00271519,0.405889,-135.628,5,0
15,1100,15,1000,1000,0.87,0.2,0.44,0.09,0.04,0.002,60,NA
15,1100,15,1000,1000,0.87,0.2,0.22,0.09,0.02,0.002,60,0.183392,0.118014,3.00001,0.00188588,0.355028,-159.338,5,0,0.195095,0.126969,3,0.00195345,0.388663,-158.474,5,0
15,1100,15,1000,1000,0.87,0.2,1.1,0.09,0.1,0.002,61,0.0778061,1.09841e-05,8.67062,0.000734274,0.133286,-126.33,5,0,0.0852134,4.20114e-07,7.99484,0.000736868,0.171789,-125.03,5,0
15,1100,15,1000,1000,0.87,0.2,0.88,0.09,0.08,0.002,61,0.0685742,1.48426e-06,6.22151e+06,0.000800638,0.146199,-141.937,5,0,0.0484733,6.44888e-08,3.0011,0.000869473,0.149901,-133.182,5,0
15,1100,15,1000,1000,0.87,0.2,0.44,0.09,0.04,0.002,61,0.236724,3.46392e-05,6.99927,0.000669014,0.742215,-115.846,5,0,0.0715905,1.83825e-07,1.47615e+06,0.000800246,0.168011,-140.687,5,0
15,1100,15,1000,1000,0.87,0.2,0.22,0.09,0.02,0.002,61,0.236724,3.46392e-05,6.99927,0.000669014,0.742215,-115.846,5,0,2444.17,2.11125e-08,1.00002,0.000940304,0.0996017,-137.785,5,0
15,1100,15,1000,1000,0.87,0.2,1.1,0.09,0.1,0.002,62,0.0942619,2.26834e-06,3.00004,0.000936395,0.167526,-141.744,5,0,0.176707,0.068628,3.00002,0.00130226,26.6687,-133.824,5,0
15,1100,15,1000,1000,0.87,0.2,0.88,0.09,0.08,0.002,62,0.0942619,2.26834e-06,3.00004,0.000936395,0.167526,-141.744,5,0,0.0570051,0.0790394,inf,0.00156308,63.9514,-138.705,5,0
15,1100,15,1000,1000,0.87,0.2,0.44,0.09,0.04,0.002,62,NA
15,1100,15,1000,1000,0.87,0.2,0.22,0.09,0.02,0.002,62,0.110121,3.90708e-06,3.00002,0.00100318,1.54006,-149.988,5,0,0.110352,9.57114e-06,3,0.00100243,8.93132,-149.518,5,0
15,1100,15,1000,1000,0.87,0.2,1.1,0.09,0.1,0.002,63,0.136399,0.0300244,4.03935,0.00100559,0.234533,-136.691,5,0,0.161425,0.0563329,4,0.00112997,0.333442,-134.952,5,0
15,1100,15,1000,1000,0.87,0.2,0.88,0.09,0.08,0.002,63,0.0720254,2.13373e-07,4.12794,0.000934594,0.240111,-145.451,5,0,0.0720254,2.13373e-07,4.12794,0.000934594,0.240111,-145.451,5,0
15,1100,15,1000,1000,0.87,0.2,0.44,0.09,0.04,0.002,63,0.060507,2.28193e-05,5.88351,0.001135,1080.96,-165.186,5,0,0.060507,2.28193e-05,5.88351,0.001135,1080.96,-165.186,5,0
15,1100,15,1000,1000,0.87,0.2,0.22,0.09,0.02,0.002,63,0.060507,2.28193e-05,5.88351,0.001135,1080.96,-165.186,5,0,0.266764,0.0794988,3,0.00120772,0.326322,-138.044,5,0
15,1100,15,1000,1000,0.87,0.2,1.1,0.09,0.1,0.002,64,0.0778032,4.47539e-08,3.93534,0.000935881,0.243275,-147.395,5,0,0.0836509,0.0919274,4.03784,0.00156028,0.956776,-129.161,5,0
15,1100,15,1000,1000,0.87,0.2,0.88,0.09,0.08,0.002,64,0.0778032,4.47539e-08,3.93534,0.000935881,0.243275,-147.395,5,0,0.110223,0.0257486,3.00002,0.00115417,0.212215,-152.835,5,0
15,1100,15,1000,1000,0.87,0.2,0.44,0.09,0.04,0.002,64,0.0778032,4.47539e-08,3.93534,0.000935881,0.243275,-147.395,5,0,0.0836509,0.0919274,4.03784,0.00156028,0.956776,-129.161,5,0
15,1100,15,1000,1000,0.87,0.2,0.22,0.09,0.02,0.002,64,0.0257589,0.00706211,567401,0.00104705,0.177731,-141.689,5,0,0.163139,0.0609804,3.00003,0.00135264,45.8406,-144.378,5,0
15,1100,15,1000,1000,0.87,0.2,1.1,0.09,0.1,0.002,65,0.0257589,0.00706211,567401,0.00104705,0.177731,-141.689,5,0,0.0257589,0.00706211,567401,0.00104705,0.177731,-141.689,5,0
15,1100,15,1000,1000,0.87,0.2,0.88,0.09,0.08,0.002,65,0.120783,0.0852472,2.99997,0.00158147,74231.2,-138.064,5,0,0.103346,2.34339e-08,2.99998,0.00093531,0.136809,-149.172,5,0
15,1100,15,1000,1000,0.87,0.2,0.44,0.09,0.04,0.002,65,0.0632923,1.55105e-08,2.86546e+06,0.000801476,0.211382,-135.328,5,0,0.159648,0.0280409,5.18919,0.000832023,30.5883,-124.82,5,0
15,1100,15,1000,1000,0.87,0.2,0.22,0.09,0.02,0.002,65,0.0632923,1.55105e-08,2.86546e+06,0.000801476,0.211382,-135.328,5,0,0.0632923,1.55105e-08,2.86546e+06,0.000801476,0.211382,-135.328,5,0
15,1100,15,1000,1000,0.87,0.2,1.1,0.09,0.1,0.002,66,0.0429712,3.10625e-06,74005.4,0.000931175,0.217906,-147.418,5,0,0.0433052,6.59635e-06,14309.6,0.000929249,0.227927,-147.08,5,0
15,1100,15,1000,1000,0.87,0.2,0.88,0.09,0.08,0.002,66,0.0546352,2.1931e-07,68.671,0.000933557,0.171145,-153.563,5,0,0.0560847,1.63136e-07,44.9003,0.000932486,0.181623,-153.105,5,0
15,1100,15,1000,1000,0.87,0.2,0.44,0.09,0.04,0.002,66,0.0658159,0.0533043,4.10548e+06,0.00134294,0.0974019,-153.463,5,0,0.129738,6.7026e-06,4.00028,0.00080173,0.0945526,-139.949,5,0
15,1100,15,1000,1000,0.87,0.2,0.22,0.09,0.02,0.002,66,0.0658159,0.0533043,4.10548e+06,0.00134294,0.0974019,-153.463,5,0,0.152463,6.98831e-08,4.00017,0.000733343,375.663,-122.303,5,0
15,1100,15,1000,1000,0.87,0.2,1.1,0.09,0.1,0.002,67,0.0658159,0.0533043,4.10548e+06,0.00134294,0.0974019,-153.463,5,0,0.313251,0.285959,4.8874,0.00294914,0.308849,-141.458,5,0
15,1100,15,1000,1000,0.87,0.2,0.88,0.09,0.08,0.002,67,0.0200059,1.68751e-06,2.9942e+06,0.00119844,0.119657,-169.084,5,0,0.0259459,0.0422748,163059,0.00157632,0.14709,-166.008,5,0
15,1100,15,1000,1000,0.87,0.2,0.44,0.09,0.04,0.002,67,0.0701033,0.0244884,20.2281,0.00106932,0.746042,-146.34,5,0,0.143418,1.07266e-05,5.00004,0.000867793,1.38169,-140.113,5,0
15,1100,15,1000,1000,0.87,0.2,0.22,0.09,0.02,0.002,67,0.0543116,7.66389e-07,11.1454,0.00113423,0.205203,-170.228,5,0,0.0736296,0.0435544,7.78632,0.00144765,0.278531,-166.706,5,0
15,1100,15,1000,1000,0.87,0.2,1.1,0.09,0.1,0.002,68,0.0732636,0.00322504,11.2784,0.000815175,0.258993,-132.968,5,0,0.0888387,0.0217425,7.66548,0.000899072,0.296019,-132.109,5,0
15,1100,15,1000,1000,0.87,0.2,0.88,0.09,0.08,0.002,68,0.0882176,0.00541175,inf,0.000753882,0.224375,-134.07,5,0,0.0968655,0.0282151,inf,0.00084513,0.258081,-132.996,5,0
15,1100,15,1000,1000,0.87,0.2,0.44,0.09,0.04,0.002,68,0.142018,1.57577e-06,3,0.000668608,0.213725,-115.13,5,0,0.13897,3.15824e-08,5.49031,0.000667264,24.8574,-114.475,5,0
15,1100,15,1000,1000,0.87,0.2,0.22,0.09,0.02,0.002,68,0.142018,1.57577e-06,3,0.000668608,0.213725,-115.13,5,0,0.0535801,3.39651e-08,6.31272,0.000865887,0.220403,-135.572,5,0
15,1100,15,1000,1000,0.87,0.2,1.1,0.09,0.1,0.002,69,NA
15,1100,15,1000,1000,0.87,0.2,0.88,0.09,0.08,0.002,69,0.102977,1.76482e-08,2.95032,0.00100446,2954.53,-145.809,5,0,0.102977,1.76482e-08,2.95032,0.00100446,2954.53,-145.809,5,0
15,1100,15,1000,1000,0.87,0.2,0.44,0.09,0.04,0.002,69,0.0585355,5.95691e-08,5.33287,0.00106863,0.0810382,-168.778,5,0,0.0824993,4.86052e-08,4.13552,0.00107061,0.133682,-164.643,5,0
15,1100,15,1000,1000,0.87,0.2,0.22,0.09,0.02,0.002,69,0.0362278,3.64702e-05,1.82817e+06,0.00106165,0.232208,-159.69,5,0,0.059988,1.26331e-07,10.3543,0.000734983,10.5706,-115.933,5,0
15,1100,15,1000,1000,0.87,0.2,1.1,0.09,0.1,0.002,70,0.0362278,3.64702e-05,1.82817e+06,0.00106165,0.232208,-159.69,5,0,0.0471535,0.05221,5.95239e+06,0.00145203,0.390041,-154.648,5,0
15,1100,15,1000,1000,0.87,0.2,0.88,0.09,0.08,0.002,70,0.0251664,5.8743e-09,6.72135,0.00133709,0.158333,-185.192,5,0,0.0278547,1.35044e-06,5.74613,0.00133436,0.192442,-183.016,5,0
15,1100,15,1000,1000,0.87,0.2,0.44,0.09,0.04,0.002,70,0.0432905,4.32949e-09,6.26686,0.00133588,0.226574,-195.66,5,0,0.0912305,0.121615,25.2276,0.00198415,0.507057,-154.211,5,0
15,1100,15,1000,1000,0.87,0.2,0.22,0.09,0.02,0.002,70,0.0432905,4.32949e-09,6.26686,0.00133588,0.226574,-195.66,5,0,0.0458636,8.66675e-08,5.88606,0.00133845,0.26783,-193.786,5,0
15,1100,15,1000,1000,0.87,0.2,1.1,0.09,0.1,0.002,71,NA
15,1100,15,1000,1000,0.87,0.2,0.88,0.09,0.08,0.002,71,0.160619,0.0329994,4,0.000700017,36711.8,-100.527,5,0,0.10843,9.67302e-09,2.94098,0.000936331,0.180487,-147.314,5,0
15,1100,15,1000,1000,0.87,0.2,0.44,0.09,0.04,0.002,71,0.0765702,3.87799e-09,40.683,0.000799164,3475.53,-137.313,5,0,0.0765702,3.87799e-09,40.683,0.000799164,3475.53,-137.313,5,0
15,1100,15,1000,1000,0.87,0.2,0.22,0.09,0.02,0.002,71,0.135147,5.15024e-05,4.00002,0.000802291,3535.33,-133.156,5,0,0.135147,5.15024e-05,4.00002,0.000802291,3535.33,-133.156,5,0
15,1100,15,1000,1000,0.87,0.2,1.1,0.09,0.1,0.002,72,NA
15,1100,15,1000,1000,0.87,0.2,0.88,0.09,0.08,0.002,72,0.0922689,1.11658e-11,18.7124,0.000667197,0.159436,-123.039,5,0,0.0922689,1.11658e-11,18.7124,0.000667197,0.159436,-123.039,5,0
15,1100,15,1000,1000,0.87,0.2,0.44,0.09,0.04,0.002,72,NA
15,1100,15,1000,1000,0.87,0.2,0.22,0.09,0.02,0.002,72,0.0890107,9.43002e-08,15.034,0.000666999,0.265417,-123.005,5,0,0.103116,5.07132e-09,11.611,0.000667153,4.46794,-118.802,5,0
15,1100,15,1000,1000,0.87,0.2,1.1,0.09,0.1,0.002,73,0.0304266,6.55449e-06,12.5594,0.00133663,0.139506,-187.909,5,0,0.0337449,9.19933e-08,8.74996,0.00133433,0.158035,-186.468,5,0
15,1100,15,1000,1000,0.87,0.2,0.88,0.09,0.08,0.002,73,1232.39,0.0271166,1.00003,0.00135638,0.383196,-148.981,5,0,9.47776,0.0360271,1.00403,0.00143029,0.46564,-147.835,5,0
15,1100,15,1000,1000,0.87,0.2,0.44,0.09,0.04,0.002,73,0.0194083,3.41697e-07,1.27397e+06,0.000979383,0.357723,-136.729,5,0,0.0197754,2.23257e-06,52864.9,0.000998019,0.435449,-135.541,5,0
15,1100,15,1000,1000,0.87,0.2,0.22,0.09,0.02,0.002,73,0.0194083,3.41697e-07,1.27397e+06,0.000979383,0.357723,-136.729,5,0,0.0197754,2.23257e-06,52864.9,0.000998019,0.435449,-135.541,5,0
15,1100,15,1000,1000,0.87,0.2,1.1,0.09,0.1,0.002,74,0.057285,5.07581e-08,16.4585,0.000933266,0.12189,-150.748,5,0,0.0605517,5.6153e-09,14.6321,0.000932128,0.133341,-150.029,5,0
15,1100,15,1000,1000,0.87,0.2,0.88,0.09,0.08,0.002,74,0.128344,3.94926e-07,3,0.000935918,0.104457,-150.053,5,0,0.145179,0.193212,inf,0.00217027,0.366716,-146.734,5,0
15,1100,15,1000,1000,0.87,0.2,0.44,0.09,0.04,0.002,74,0.128344,3.94926e-07,3,0.000935918,0.104457,-150.053,5,0,0.145179,0.193212,inf,0.00217027,0.366716,-146.734,5,0
15,1100,15,1000,1000,0.87,0.2,0.22,0.09,0.02,0.002,74,0.128344,3.94926e-07,3,0.000935918,0.104457,-150.053,5,0,0.152291,2.52198e-06,2.9999,0.000934272,0.154935,-146.857,5,0
15,1100,15,1000,1000,0.87,0.2,1.1,0.09,0.1,0.002,75,0.0723768,6.31976e-06,5.24627,0.00113843,0.458097,-169.706,5,0,0.0727399,2.00213e-08,5.22475,0.00113558,0.471617,-169.545,5,0
15,1100,15,1000,1000,0.87,0.2,0.88,0.09,0.08,0.002,75,0.0723768,6.31976e-06,5.24627,0.00113843,0.458097,-169.706,5,0,0.126245,2.1064e-06,4.00002,0.000802736,0.137235,-140.056,5,0
15,1100,15,1000,1000,0.87,0.2,0.44,0.09,0.04,0.002,75,0.0723768,6.31976e-06,5.24627,0.00113843,0.458097,-169.706,5,0,0.126245,2.1064e-06,4.00002,0.000802736,0.137235,-140.056,5,0
15,1100,15,1000,1000,0.87,0.2,0.22,0.09,0.02,0.002,75,NA
15,1100,15,1000,1000,0.87,0.2,1.1,0.09,0.1,0.002,76,0.0541103,1.63359e-07,inf,0.000799483,0.159673,-129.125,5,0,0.0597595,0.00202099,1.04609e+06,0.000809121,0.2797,-126.121,5,0
15,1100,15,1000,1000,0.87,0.2,0.88,0.09,0.08,0.002,76,0.0694543,5.76911e-09,371988,0.000866948,0.245109,-150.699,5,0,0.1302,1.97513e-08,2.99997,0.00080201,0.399699,-125.236,5,0
15,1100,15,1000,1000,0.87,0.2,0.44,0.09,0.04,0.002,76,0.0770192,5.22604e-07,2.99955,0.000868675,0.160064,-131.003,5,0,0.068016,6.72687e-08,1.17102e+06,0.000799123,0.190745,-135.949,5,0
15,1100,15,1000,1000,0.87,0.2,0.22,0.09,0.02,0.002,76,0.122828,2.74325e-07,6.54931,0.000667954,0.22647,-117.911,5,0,0.068016,6.72687e-08,1.17102e+06,0.000799123,0.190745,-135.949,5,0
15,1100,15,1000,1000,0.87,0.2,1.1,0.09,0.1,0.002,77,0.122828,2.74325e-07,6.54931,0.000667954,0.22647,-117.911,5,0,5.37934,0.0535945,1.00805,0.00130155,0.111071,-133.995,5,0
15,1100,15,1000,1000,0.87,0.2,0.88,0.09,0.08,0.002,77,0.0963433,2.4476e-08,5.40612,0.000803116,0.418878,-134.761,5,0,0.0965212,2.30993e-10,5.40105,0.00080156,0.425167,-134.695,5,0
15,1100,15,1000,1000,0.87,0.2,0.44,0.09,0.04,0.002,77,0.0987508,5.03929e-08,4,0.000667202,0.122799,-113.637,5,0,0.104458,9.10923e-09,4.00001,0.000666684,0.144324,-112.728,5,0
15,1100,15,1000,1000,0.87,0.2,0.22,0.09,0.02,0.002,77,0.0987508,5.03929e-08,4,0.000667202,0.122799,-113.637,5,0,0.104458,9.10923e-09,4.00001,0.000666684,0.144324,-112.728,5,0
15,1100,15,1000,1000,0.87,0.2,1.1,0.09,0.1,0.002,78,0.0451168,8.14236e-08,13.6677,0.00100331,0.155643,-153.089,5,0,0.0464322,6.91913e-08,12.2317,0.00100264,0.161356,-152.748,5,0
15,1100,15,1000,1000,0.87,0.2,0.88,0.09,0.08,0.002,78,0.0769651,8.50029e-06,3.00021,0.00113698,0.158212,-167.032,5,0,0.0895613,5.41191e-09,2.99998,0.0011357,0.257395,-162.985,5,0
15,1100,15,1000,1000,0.87,0.2,0.44,0.09,0.04,0.002,78,0.0753813,1.90894e-09,3.00003,0.000869184,4077.81,-121.975,5,0,0.0753813,1.90894e-09,3.00003,0.000869184,4077.81,-121.975,5,0
15,1100,15,1000,1000,0.87,0.2,0.22,0.09,0.02,0.002,78,0.0856406,5.4975e-07,3,0.000932373,0.223815,-144.459,5,0,0.0605517,5.6153e-09,14.6321,0.000932128,0.133341,-150.029,5,0
15,1100,15,1000,1000,0.87,0.2,1.1,0.09,0.1,0.002,79,0.0987262,0.00528721,3.30689,0.000756427,0.385423,-115.024,5,0,0.0521278,1.33307e-07,9.53862e+06,0.00093261,0.227223,-145.801,5,0
15,1100,15,1000,1000,0.87,0.2,0.88,0.09,0.08,0.002,79,0.0770192,5.22604e-07,2.99955,0.000868675,0.160064,-131.003,5,0,0.068016,6.72687e-08,1.17102e+06,0.000799123,0.190745,-135.949,5,0
15,1100,15,1000,1000,0.87,0.2,0.44,0.09,0.04,0.002,79,0.122828,2.74325e-07,6.54931,0.000667954,0.22647,-117.911,5,0,5.37934,0.0535945,1.00805,0.00130155,0.111071,-133.995,5,0
15,1100,15,1000,1000,0.87,0.2,0.22,0.09,0.02,0.002,79,0.0781233,2.30208e-07,180296,0.00073126,0.876486,-129.749,5,0,0.0782743,3.40086e-08,8.7872e+06,0.000733354,4.34762,-129.42,5,0
15,1100,15,1000,1000,0.87,0.2,1.1,0.09,0.1,0.002,80,0.200215,0.134673,3.29242,0.0012434,0.449968,-104.505,5,0,0.316871,0.193368,3,0.00148051,69.7524,-98.9219,5,0
15,1100,15,1000,1000,0.87,0.2,0.88,0.09,0.08,0.002,80,0.0454834,1.1299e-08,13426.2,0.001001,0.208363,-156.774,5,0,0.167397,0.106056,7.7078,0.00116915,67.0797,-121.096,5,0
15,1100,15,1000,1000,0.87,0.2,0.44,0.09,0.04,0.002,80,0.0454834,1.1299e-08,13426.2,0.001001,0.208363,-156.774,5,0,0.0479503,8.94044e-06,3.80907e+06,0.0010047,0.305679,-154.139,5,0
15,1100,15,1000,1000,0.87,0.2,0.22,0.09,0.02,0.002,80,0.0924328,4.39348e-06,inf,0.000601442,0.120716,-121.739,5,0,0.175588,1.35692e-06,3.93644,0.000669224,0.254394,-118.554,5,0
15,1100,15,1000,1000,0.87,0.2,1.1,0.09,0.1,0.002,81,NA
15,1100,15,1000,1000,0.87,0.2,0.88,0.09,0.08,0.002,81,0.0924328,4.39348e-06,inf,0.000601442,0.120716,-121.739,5,0,0.0775318,4.03629e-06,16.477,0.000728763,0.215441,-133.709,5,0
15,1100,15,1000,1000,0.87,0.2,0.44,0.09,0.04,0.002,81,0.0924328,4.39348e-06,inf,0.000601442,0.120716,-121.739,5,0,0.096611,1.56112e-05,inf,0.000599312,0.17979,-120.259,5,0
15,1100,15,1000,1000,0.87,0.2,0.22,0.09,0.02,0.002,81,0.0931441,4.66814e-08,9.99735,0.000665613,3571.56,-115.915,5,0,0.0931441,4.66814e-08,9.99735,0.000665613,3571.56,-115.915,5,0
15,1100,15,1000,1000,0.87,0.2,1.1,0.09,0.1,0.002,82,0.0931441,4.66814e-08,9.99735,0.000665613,3571.56,-115.915,5,0,0.0317565,3.11321e-08,12923.9,0.000933414,0.210484,-136.455,5,0
15,1100,15,1000,1000,0.87,0.2,0.88,0.09,0.08,0.002,82,0.0442252,3.2171e-08,15.8003,0.000999938,0.068055,-150.913,5,0,0.0548219,0.00469547,8.50971,0.00102929,0.0833089,-149.561,5,0
15,1100,15,1000,1000,0.87,0.2,0.44,0.09,0.04,0.002,82,0.0442252,3.2171e-08,15.8003,0.000999938,0.068055,-150.913,5,0,0.0992015,0.000525279,5,0.000736293,0.252462,-118.428,5,0
15,1100,15,1000,1000,0.87,0.2,0.22,0.09,0.02,0.002,82,0.0469619,3.08245e-05,28530.9,0.000931082,0.167315,-144.57,5,0,74.5778,1.7231e-11,1.00087,0.000940365,16.9432,-126.536,5,0
15,1100,15,1000,1000,0.87,0.2,1.1,0.09,0.1,0.002,83,NA
15,1100,15,1000,1000,0.87,0.2,0.88,0.09,0.08,0.002,83,0.0469619,3.08245e-05,28530.9,0.000931082,0.167315,-144.57,5,0,0.0469619,3.08245e-05,28530.9,0.000931082,0.167315,-144.57,5,0
15,1100,15,1000,1000,0.87,0.2,0.44,0.09,0.04,0.002,83,642.556,0.115764,1.00013,0.00162392,799.901,-116.466,5,0,0.041001,0.0260439,326593,0.00101762,0.11313,-130.846,5,0
15,1100,15,1000,1000,0.87,0.2,0.22,0.09,0.02,0.002,83,642.556,0.115764,1.00013,0.00162392,799.901,-116.466,5,0,0.0917546,5.62361e-08,3,0.00107028,0.165971,-159.334,5,0
15,1100,15,1000,1000,0.87,0.2,1.1,0.09,0.1,0.002,84,642.556,0.115764,1.00013,0.00162392,799.901,-116.466,5,0,0.041001,0.0260439,326593,0.00101762,0.11313,-130.846,5,0
15,1100,15,1000,1000,0.87,0.2,0.88,0.09,0.08,0.002,84,642.556,0.115764,1.00013,0.00162392,799.901,-116.466,5,0,20694.3,0.0736197,1.00001,0.00136518,0.148442,-134.462,5,0
15,1100,15,1000,1000,0.87,0.2,0.44,0.09,0.04,0.002,84,642.556,0.115764,1.00013,0.00162392,799.901,-116.466,5,0,642.556,0.115764,1.00013,0.00162392,799.901,-116.466,5,0
15,1100,15,1000,1000,0.87,0.2,0.22,0.09,0.02,0.002,84,0.0350534,1.67934e-05,84269.5,0.00106772,0.355527,-157.329,5,0,0.0886947,4.10704e-10,13.6581,0.000933289,0.237801,-166.829,5,0
15,1100,15,1000,1000,0.87,0.2,1.1,0.09,0.1,0.002,85,0.103283,7.68047e-08,7.20728,0.000801646,0.263337,-140.26,5,0,249466,4.19372e-11,1,0.000805168,11.983,-110.507,5,0
15,1100,15,1000,1000,0.87,0.2,0.88,0.09,0.08,0.002,85,0.103283,7.68047e-08,7.20728,0.000801646,0.263337,-140.26,5,0,249466,4.19372e-11,1,0.000805168,11.983,-110.507,5,0
15,1100,15,1000,1000,0.87,0.2,0.44,0.09,0.04,0.002,85,0.103283,7.68047e-08,7.20728,0.000801646,0.263337,-140.26,5,0,0.122528,0.0467827,3.49654,0.00102221,0.220707,-125.293,5,0
15,1100,15,1000,1000,0.87,0.2,0.22,0.09,0.02,0.002,85,0.103283,7.68047e-08,7.20728,0.000801646,0.263337,-140.26,5,0,249466,4.19372e-11,1,0.000805168,11.983,-110.507,5,0
15,1100,15,1000,1000,0.87,0.2,1.1,0.09,0.1,0.002,86,0.103283,7.68047e-08,7.20728,0.000801646,0.263337,-140.26,5,0,0.109191,1.01311e-07,6.78889,0.000800636,0.320355,-138.968,5,0
15,1100,15,1000,1000,0.87,0.2,0.88,0.09,0.08,0.002,86,0.103283,7.68047e-08,7.20728,0.000801646,0.263337,-140.26,5,0,0.105103,0.00908254,4.99984,0.000769683,0.224212,-125.336,5,0
15,1100,15,1000,1000,0.87,0.2,0.44,0.09,0.04,0.002,86,0.103283,7.68047e-08,7.20728,0.000801646,0.263337,-140.26,5,0,0.124936,0.0687745,2.98877,0.00154109,0.352704,-154.94,5,0
15,1100,15,1000,1000,0.87,0.2,0.22,0.09,0.02,0.002,86,0.103283,7.68047e-08,7.20728,0.000801646,0.263337,-140.26,5,0,0.109191,1.01311e-07,6.78889,0.000800636,0.320355,-138.968,5,0
15,1100,15,1000,1000,0.87,0.2,1.1,0.09,0.1,0.002,87,0.103283,7.68047e-08,7.20728,0.000801646,0.263337,-140.26,5,0,249466,4.19372e-11,1,0.000805168,11.983,-110.507,5,0
15,1100,15,1000,1000,0.87,0.2,0.88,0.09,0.08,0.002,87,0.103283,7.68047e-08,7.20728,0.000801646,0.263337,-140.26,5,0,249466,4.19372e-11,1,0.000805168,11.983,-110.507,5,0
15,1100,15,1000,1000,0.87,0.2,0.44,0.09,0.04,0.002,87,0.103283,7.68047e-08,7.20728,0.000801646,0.263337,-140.26,5,0,0.118168,0.0547681,4.23979,0.00123955,0.867538,-135.559,5,0
15,1100,15,1000,1000,0.87,0.2,0.22,0.09,0.02,0.002,87,1625.64,1.67864e-07,1.00007,0.000940458,0.519318,-135.198,5,0,1625.64,1.67864e-07,1.00007,0.000940458,0.519318,-135.198,5,0
15,1100,15,1000,1000,0.87,0.2,1.1,0.09,0.1,0.002,88,0.109655,5.99002e-08,3.99836,0.00106467,0.19801,-174.488,5,0,0.114694,1.20894e-07,3.91456,0.00107428,0.226306,-173.397,5,0
15,1100,15,1000,1000,0.87,0.2,0.88,0.09,0.08,0.002,88,NA
15,1100,15,1000,1000,0.87,0.2,0.44,0.09,0.04,0.002,88,0.0997889,1.62518e-09,5.78592,0.000667819,0.18933,-118.349,5,0,0.0997889,1.62518e-09,5.78592,0.000667819,0.18933,-118.349,5,0
15,1100,15,1000,1000,0.87,0.2,0.22,0.09,0.02,0.002,88,0.0897374,1.32605e-07,7.5977,0.000734445,0.155338,-133.289,5,0,0.114758,2.58261e-08,6.56445,0.000734231,4.30136,-126.763,5,0
15,1100,15,1000,1000,0.87,0.2,1.1,0.09,0.1,0.002,89,0.0752771,0.153741,inf,0.00221718,0.239513,-145.432,5,0,0.0773291,0.160135,42711.6,0.00227977,0.247535,-144.996,5,0
15,1100,15,1000,1000,0.87,0.2,0.88,0.09,0.08,0.002,89,0.0704836,0.0748804,9.52781,0.00141764,111309,-131.714,5,0,0.0704836,0.0748804,9.52781,0.00141764,111309,-131.714,5,0
15,1100,15,1000,1000,0.87,0.2,0.44,0.09,0.04,0.002,89,0.0792043,6.42486e-06,inf,0.000798449,0.124107,-144.091,5,0,2.59333,0.0501727,1.01161,0.00129327,0.240451,-125.92,5,0
15,1100,15,1000,1000,0.87,0.2,0.22,0.09,0.02,0.002,89,0.0792043,6.42486e-06,inf,0.000798449,0.124107,-144.091,5,0,0.188746,8.86885e-06,7.15544,0.000600548,7158.77,-123.207,5,0
15,1100,15,1000,1000,0.87,0.2,1.1,0.09,0.1,0.002,90,0.0792043,6.42486e-06,inf,0.000798449,0.124107,-144.091,5,0,0.162202,1.36255e-06,4.97222,0.000735247,0.300797,-127.693,5,0
15,1100,15,1000,1000,0.87,0.2,0.88,0.09,0.08,0.002,90,0.0792043,6.42486e-06,inf,0.000798449,0.124107,-144.091,5,0,0.0947159,0.117098,3.10534e+06,0.00179936,0.236307,-154.516,5,0
15,1100,15,1000,1000,0.87,0.2,0.44,0.09,0.04,0.002,90,0.16348,5.05238e-05,3.99999,0.00073669,0.343759,-131.212,5,0,0.0564247,2.59587e-06,inf,0.000798743,0.417671,-131.866,5,0
15,1100,15,1000,1000,0.87,0.2,0.22,0.09,0.02,0.002,90,0.16348,5.05238e-05,3.99999,0.00073669,0.343759,-131.212,5,0,0.0564247,2.59587e-06,inf,0.000798743,0.417671,-131.866,5,0
15,1100,15,1000,1000,0.87,0.2,1.1,0.09,0.1,0.002,91,0.0743471,4.20753e-07,7.80776,0.000868802,0.106259,-138.763,5,0,0.150948,0.00764434,3,0.000831951,0.111665,-125.621,5,0
15,1100,15,1000,1000,0.87,0.2,0.88,0.09,0.08,0.002,91,0.0914805,1.12279e-09,4.23029,0.000868526,0.456519,-136.589,5,0,0.0959098,2.65607e-05,4.13901,0.000869613,0.739938,-134.754,5,0
15,1100,15,1000,1000,0.87,0.2,0.44,0.09,0.04,0.002,91,0.153235,3.45106e-06,4,0.000870708,0.195776,-144.826,5,0,2311.58,0.137143,1.00003,0.00212082,11661,-129.581,5,0
15,1100,15,1000,1000,0.87,0.2,0.22,0.09,0.02,0.002,91,0.153235,3.45106e-06,4,0.000870708,0.195776,-144.826,5,0,2311.58,0.137143,1.00003,0.00212082,11661,-129.581,5,0
15,1100,15,1000,1000,0.87,0.2,1.1,0.09,0.1,0.002,92,0.0400607,3.40472e-07,24.784,0.00107029,0.205956,-157.684,5,0,0.0416568,9.80166e-06,19.2999,0.00106969,0.2262,-156.88,5,0
15,1100,15,1000,1000,0.87,0.2,0.88,0.09,0.08,0.002,92,NA
15,1100,15,1000,1000,0.87,0.2,0.44,0.09,0.04,0.002,92,0.054042,8.27237e-08,3.00014,0.000936031,0.188908,-136.866,5,0,0.0600327,1.16818e-06,3,0.000936434,0.30706,-133.848,5,0
15,1100,15,1000,1000,0.87,0.2,0.22,0.09,0.02,0.002,92,0.054042,8.27237e-08,3.00014,0.000936031,0.188908,-136.866,5,0,8265.88,4.03339e-07,1,0.000873058,0.608827,-118.818,5,0
15,1100,15,1000,1000,0.87,0.2,1.1,0.09,0.1,0.002,93,0.0311611,3.85937e-07,59.7929,0.00113385,0.180823,-170.845,5,0,0.0343776,1.57627e-07,20.1892,0.00113418,0.215086,-169.034,5,0
15,1100,15,1000,1000,0.87,0.2,0.88,0.09,0.08,0.002,93,NA
15,1100,15,1000,1000,0.87,0.2,0.44,0.09,0.04,0.002,93,0.0287896,1.95332e-09,60.4482,0.000869588,0.250001,-128.757,5,0,0.0330337,2.04455e-07,16.7582,0.000869234,0.377931,-126.232,5,0
15,1100,15,1000,1000,0.87,0.2,0.22,0.09,0.02,0.002,93,0.120469,3.82504e-06,4.20885,0.000735057,0.158517,-130.126,5,0,0.0959098,2.65607e-05,4.13901,0.000869613,0.739938,-134.754,5,0
15,1100,15,1000,1000,0.87,0.2,1.1,0.09,0.1,0.002,94,0.0425849,1.05522e-07,1.40458e+06,0.00106593,0.186572,-167.54,5,0,0.0452971,3.58799e-08,182444,0.00106819,0.233853,-165.142,5,0
15,1100,15,1000,1000,0.87,0.2,0.88,0.09,0.08,0.002,94,0.0751379,2.06159e-08,5.80335,0.00100227,0.130303,-164.122,5,0,7.34562,0.0207684,1.01143,0.00112346,0.250171,-143.468,5,0
15,1100,15,1000,1000,0.87,0.2,0.44,0.09,0.04,0.002,94,0.0373849,0.0632154,182009,0.001371,3.51152e+06,-124.924,5,0,50.1829,0.0642183,1.00058,0.00171468,0.55478,-148.563,5,0
15,1100,15,1000,1000,0.87,0.2,0.22,0.09,0.02,0.002,94,0.0373849,0.0632154,182009,0.001371,3.51152e+06,-124.924,5,0,0.0373849,0.0632154,182009,0.001371,3.51152e+06,-124.924,5,0
15,1100,15,1000,1000,0.87,0.2,1.1,0.09,0.1,0.002,95,3.17146,0.0198272,1.02661,0.00111757,0.24785,-143.56,5,0,7.34562,0.0207684,1.01143,0.00112346,0.250171,-143.468,5,0
15,1100,15,1000,1000,0.87,0.2,0.88,0.09,0.08,0.002,95,NA
15,1100,15,1000,1000,0.87,0.2,0.44,0.09,0.04,0.002,95,3.17146,0.0198272,1.02661,0.00111757,0.24785,-143.56,5,0,7.34562,0.0207684,1.01143,0.00112346,0.250171,-143.468,5,0
15,1100,15,1000,1000,0.87,0.2,0.22,0.09,0.02,0.002,95,3.17146,0.0198272,1.02661,0.00111757,0.24785,-143.56,5,0,7.34562,0.0207684,1.01143,0.00112346,0.250171,-143.468,5,0
15,1100,15,1000,1000,0.87,0.2,1.1,0.09,0.1,0.002,96,3.17146,0.0198272,1.02661,0.00111757,0.24785,-143.56,5,0,0.0596252,1.95319e-09,5.27163,0.000933179,0.128669,-146.222,5,0
15,1100,15,1000,1000,0.87,0.2,0.88,0.09,0.08,0.002,96,3.17146,0.0198272,1.02661,0.00111757,0.24785,-143.56,5,0,7.34562,0.0207684,1.01143,0.00112346,0.250171,-143.468,5,0
15,1100,15,1000,1000,0.87,0.2,0.44,0.09,0.04,0.002,96,3.17146,0.0198272,1.02661,0.00111757,0.24785,-143.56,5,0,0.0681887,7.31267e-08,11.0633,0.00086955,0.275404,-145.353,5,0
15,1100,15,1000,1000,0.87,0.2,0.22,0.09,0.02,0.002,96,3.17146,0.0198272,1.02661,0.00111757,0.24785,-143.56,5,0,0.0871257,7.12866e-07,4,0.00107059,0.51099,-160.685,5,0
15,1100,15,1000,1000,0.87,0.2,1.1,0.09,0.1,0.002,97,0.188746,8.86885e-06,7.15544,0.000600548,7158.77,-123.207,5,0,0.0317565,3.11321e-08,12923.9,0.000933414,0.210484,-136.455,5,0
15,1100,15,1000,1000,0.87,0.2,0.88,0.09,0.08,0.002,97,0.188746,8.86885e-06,7.15544,0.000600548,7158.77,-123.207,5,0,0.15773,4.24664e-07,7.01776,0.000735907,0.256987,-133.595,5,0
15,1100,15,1000,1000,0.87,0.2,0.44,0.09,0.04,0.002,97,0.188746,8.86885e-06,7.15544,0.000600548,7158.77,-123.207,5,0,0.152463,6.98831e-08,4.00017,0.000733343,375.663,-122.303,5,0
15,1100,15,1000,1000,0.87,0.2,0.22,0.09,0.02,0.002,97,0.0465663,0.00715448,3.44465e+06,0.00139245,0.184185,-201.691,5,0,0.0446655,7.2453e-07,95378.4,0.00086692,0.43225,-131.431,5,0
15,1100,15,1000,1000,0.87,0.2,1.1,0.09,0.1,0.002,98,0.0465663,0.00715448,3.44465e+06,0.00139245,0.184185,-201.691,5,0,0.050687,0.0251635,5.44046e+06,0.00154699,0.200824,-200.357,5,0
15,1100,15,1000,1000,0.87,0.2,0.88,0.09,0.08,0.002,98,0.0703547,0.0785836,6.09303,0.00208265,0.267715,-189.879,5,0,0.0853096,0.104295,5.51138,0.00235271,0.339789,-186.887,5,0
15,1100,15,1000,1000,0.87,0.2,0.44,0.09,0.04,0.002,98,0.129664,0.000144088,2.19134,0.00140621,0.24884,-200.123,5,0,0.176804,0.025177,2.18026,0.00159968,0.603777,-192.504,5,0
15,1100,15,1000,1000,0.87,0.2,0.22,0.09,0.02,0.002,98,0.0392415,9.59169e-09,4.81156,0.00153572,0.199814,-217.708,5,0,0.0392415,9.59169e-09,4.81156,0.00153572,0.199814,-217.708,5,0
15,1100,15,1000,1000,0.87,0.2,1.1,0.09,0.1,0.002,99,0.0325026,7.14397e-09,3.5468e+06,0.000866553,0.324436,-127.144,5,0,0.0333494,1.95082e-08,143238,0.000867021,0.431147,-125.853,5,0
15,1100,15,1000,1000,0.87,0.2,0.88,0.09,0.08,0.002,99,0.130161,1.66691e-05,2.99999,0.000800893,0.0920714,-127.284,5,0,0.10843,9.67302e-09,2.94098,0.000936331,0.180487,-147.314,5,0
15,1100,15,1000,1000,0.87,0.2,0.44,0.09,0.04,0.002,99,0.130161,1.66691e-05,2.99999,0.000800893,0.0920714,-127.284,5,0,0.10843,9.67302e-09,2.94098,0.000936331,0.180487,-147.314,5,0
15,1100,15,1000,1000,0.87,0.2,0.22,0.09,0.02,0.002,99,0.130161,1.66691e-05,2.99999,0.000800893,0.0920714,-127.284,5,0,0.10843,9.67302e-09,2.94098,0.000936331,0.180487,-147.314,5,0
15,1100,15,1000,1000,0.87,0.2,1.1,0.09,0.1,0.002,100,0.130161,1.66691e-05,2.99999,0.000800893,0.0920714,-127.284,5,0,0.10843,9.67302e-09,2.94098,0.000936331,0.180487,-147.314,5,0
15,1100,15,1000,1000,0.87,0.2,0.88,0.09,0.08,0.002,100,NA
15,1100,15,1000,1000,0.87,0.2,0.44,0.09,0.04,0.002,100,0.082756,6.34856e-07,3.99972,0.0011428,0.478275,-172.06,5,0,0.143418,1.07266e-05,5.00004,0.000867793,1.38169,-140.113,5,0
15,1100,15,1000,1000,0.87,0.2,0.22,0.09,0.02,0.002,100,0.082756,6.34856e-07,3.99972,0.0011428,0.478275,-172.06,5,0,0.0830474,1.07455e-05,3.99999,0.00114007,0.505536,-171.777,5,0
